temperature_c,residence_time_s,steam_hc_kgkg,pressure_bar,ramp_exponent,x_c2h6,s_c2h4_mol,heat_MJ_per_kg_ethane,y_c2h4_kg_per_kg_ethane,y_ch4_kg_per_kg_ethane,y_h2_kg_per_kg_ethane,y_c2h2_kg_per_kg_ethane,y_c2h6_kg_per_kg_ethane,y_co_kg_per_kg_ethane,y_co2_kg_per_kg_ethane,y_c3_kg_per_kg_ethane,y_c4plus_kg_per_kg_ethane,carbon_residual,hydrogen_residual,oxygen_residual,mass_residual
835.9946794755372,0.27671872720123153,0.5133081575159915,3.8726350179373954,1.0256497719980795,0.2358045564730371,0.9418055400638715,2.0535822092782725,0.2071928661281894,0.005365962474541606,0.015063985488318834,0.00033487375652480587,0.7641954435269629,2.088931509208837e-06,2.440245448537229e-10,0.001886452546669605,0.005929972043464905,2.942091015256665e-13,-1.403958109179032e-12,2.823515214482747e-13,2.220446049250313e-16
774.945170415972,0.4820606158965906,0.288858674143553,2.832767925218858,1.8031152382173938,0.04872239442826787,0.958500981356205,0.8098125717946474,0.043569497354629116,0.0007316491787648468,0.0031387175183158287,1.4662004975977536e-05,0.9512776055717321,5.915434772515685e-09,9.166310890179354e-14,8.517635468886286e-05,0.0011770235438296132,-1.5543122344752192e-15,-8.92730665330032e-16,1.6118465524573879e-15,-1.1102230246251565e-16
824.5399723071487,0.081962198142976,0.49062272022342285,4.2203721654069835,3.4353442767679354,0.022803125010132708,0.9582555479302649,1.01473472885267,0.020386237291910775,0.00035120768749787864,0.001465456618386952,5.280503603992293e-06,0.9771968749898673,3.95971816978348e-10,2.825993935070635e-15,2.474706577742008e-05,0.0005569376857834621,1.3322676295501878e-15,-8.140040306053413e-16,-1.6268393109661779e-15,6.661338147750939e-16
772.1770548343703,0.205928564897417,0.5405721145082242,4.238774496434258,3.8311884174519135,0.011974304752654374,0.9645601879918877,0.6987307170461937,0.010775588647985586,0.0001533855513621783,0.0007745740543387913,1.1019117606334882e-06,0.9880256952473456,7.447236398423908e-11,4.2720926157368977e-16,6.061705938988621e-06,0.0002588517555778404,2.886579864025407e-15,3.3002522738602154e-15,-2.7069492282961942e-15,1.3322676295501878e-15
867.0773053789756,0.2669850805148704,0.2454521607494964,2.358452400133898,1.0091867910163872,0.4037054127318179,0.9243587202353329,2.8393681302803704,0.3481500641178578,0.012768849114895455,0.02557366622409571,0.0009072720554520888,0.5962945872681821,6.857677742974445e-06,7.07838882943802e-10,0.004901129161018297,0.011355259304160271,3.9612757518625585e-13,-1.7567161825100566e-12,3.869656504769525e-13,0.0
911.9488434635296,0.47072742181969274,0.15719447059861444,4.200522135044457,3.977662460295435,0.508577494833838,0.8948039668338446,3.4339402009760143,0.42456716466853706,0.023328430924860668,0.03152767674396134,0.0016428327553868118,0.49142250516616204,1.5087526720158918e-05,1.6817852781250815e-09,0.009320031058114514,0.018119477120419673,-1.9761969838327786e-14,7.459604035762425e-14,-6.558514769759091e-15,0.0
909.3425965616836,0.33912107224751575,0.09322370762954903,1.7146233711515144,2.1654770488647905,0.5718749111668162,0.9046537053898085,3.6985124950129262,0.48266385235393183,0.023601471552297484,0.035998595740040766,0.0021696916718435904,0.42812508883318373,9.456011016580594e-06,5.782876255884117e-10,0.007699988200378115,0.019674798528594162,5.3290705182007514e-14,-2.2432403325111853e-13,5.921923449683864e-14,4.440892098500626e-16
832.4699055407038,0.4532071302986065,0.023654258683015877,4.432199875803668,3.2322673672708127,0.10172719138108643,0.9320165936042151,1.2116930004874382,0.08845493409054961,0.002552022228074155,0.006400794818757987,6.0043907850215476e-05,0.8982728086189136,8.589627069721874e-09,2.9344056622788317e-14,0.0005451009338686197,0.0037028505371756544,1.9984014443252818e-15,-2.0162742797371245e-14,9.121139572970787e-14,4.440892098500626e-16
790.8996738999368,0.034600214560566604,0.35687841546884547,4.328795986011231,1.0879986552444354,0.008969220524204014,0.9582225381907616,0.7273361369764951,0.00801830271619928,0.0001358670608096379,0.000576230827206396,7.550033380673458e-07,0.991030779475796,1.780245155390496e-11,4.5741438916068845e-17,4.950572856895204e-06,0.00022682859596293568,6.661338147750939e-16,1.8525902811747633e-15,-4.100279548383674e-15,-1.1102230246251565e-16
977.1828783891162,0.11772684340114149,0.6198716531190176,4.7753486494746795,2.4621748747704806,0.745186937707951,0.8706190755337124,5.204430075646316,0.6052778434516204,0.039203914760155174,0.04699081042499839,0.009261058247394338,0.254813062292049,0.00024106865722064788,1.6176455699613539e-07,0.011291415889217027,0.03277575301524497,1.6209256159527285e-14,-1.27679280575032e-14,-1.4807726288352808e-14,4.440892098500626e-16
827.8145468836777,0.10791690428324606,0.6825002507840027,3.711024896508491,2.37970503268226,0.04982605784667926,0.9610029949001646,1.235374925224416,0.04467274440692945,0.0007295034927839036,0.003214290695960744,2.371921742920499e-05,0.9501739421533207,6.744886870106781e-09,1.3458865867577853e-13,8.711252494681996e-05,0.0010819816711031018,9.725553695716371e-14,8.797658735599983e-15,-1.3000620542863527e-13,1.3322676295501878e-15
772.6144726465841,1.0146899511986296,0.5696797352632529,3.421770514980664,2.2678371764463003,0.08604689957030864,0.9602090673509357,1.0492270337663847,0.07708367182865516,0.0012436725747973002,0.005562747363874189,3.865918857649505e-05,0.9139531004296914,8.197962495602462e-08,4.361002403870273e-12,0.00023575164242668027,0.0018752402711880848,-5.10702591327572e-15,-1.2364257798507097e-15,8.756721964839902e-15,4.440892098500626e-16
887.2839900628052,0.5235309827660516,0.009818212931906439,3.1658006425947556,1.5040459235816657,0.558089362511316,0.8793186038961582,3.4188257728944516,0.45783751000957545,0.030851081939529127,0.034112919948712656,0.0013107300671422605,0.441910637488684,1.866908388010085e-06,1.826898411631426e-11,0.011213445601008752,0.022735013070634563,-2.731148640577885e-14,1.0423564154838856e-13,1.1072108478450058e-13,2.220446049250313e-16
890.6971598498741,0.024670834670590266,0.3276804080599299,4.4516787183022295,1.8586112090053932,0.06547648684657148,0.9444793496284531,1.4777299284605647,0.05769513588969251,0.0013897817020533095,0.004153094995571078,5.086460064078512e-05,0.9345235131534285,8.042329095436608e-09,1.0637192273297333e-13,0.00021573229397623455,0.0019325975158514016,5.861977570020827e-14,-2.5716702682417605e-13,4.851304038090594e-14,4.440892098500626e-16
945.2813122379764,0.08420347543786952,0.5417664703119776,3.9544425381391015,3.547001276201494,0.3866090579026785,0.9274531405350712,3.366311548936605,0.33452252457257214,0.011707977196155865,0.024544924221852206,0.0017894013845680247,0.6133909420973215,7.453004138653227e-06,1.1905827152640162e-09,0.004485632946070035,0.009424805205714518,-1.3100631690576847e-14,8.189545976482863e-14,-2.3081115497169232e-14,4.440892098500626e-16
958.2216328306635,0.10936581350656477,0.16318096188258757,2.5256531339812938,0.48209966450874553,0.8594675191733048,0.8190800050743625,5.1664167047443925,0.6567758231685505,0.06545345779748238,0.05329385791080386,0.011550783833940549,0.14053248082669517,0.00020214892280957705,6.297893652692428e-08,0.010817069840133904,0.06139627429243473,8.415490526658687e-14,-2.771167491346497e-13,-4.5448174814551314e-14,6.661338147750939e-16
916.2027928822156,0.07902004404183394,0.04149258292271968,2.1282677915564716,2.7445735877341075,0.19414355256794702,0.9282660093631909,2.0042401180892786,0.1681344799629526,0.005669129118103382,0.01218176627546263,0.0003162478451311465,0.805856447432053,5.216495166899141e-08,3.126298145478809e-13,0.001713012277952158,0.006061370319929587,2.717825964282383e-13,-1.0630333057583127e-12,4.448397469490345e-14,-1.1102230246251565e-16
948.1101980999401,0.8602050680785213,0.1623080590334268,3.885346919251106,2.951627924676681,0.8472224561591263,0.7737014984566399,4.861172165857663,0.6115504090890692,0.09061754506506825,0.04981159015425962,0.009224506353567398,0.1527775438408737,0.0003255019396011584,1.4240927271454495e-07,0.014319585524084218,0.07147645744672158,-1.078026556911027e-13,4.660947950100953e-13,-1.0675266152912655e-13,6.661338147750939e-16
803.004391145143,0.19362330854573367,0.32192686813319693,1.4984246157246863,3.352178777763254,0.028264135631980603,0.9622825636949841,0.8648764822803512,0.025374628323519645,0.00039805552041487636,0.001824139002552397,7.500506554924448e-06,0.9717358643680194,4.89850890435047e-10,2.595374848405479e-15,3.251951019004479e-05,0.0006142287810864503,2.886579864025407e-15,6.27714736347513e-16,-3.719001458659169e-15,8.881784197001252e-16
983.8555371029485,0.06221769454559629,0.06475177583827514,2.1168569797501204,2.7113053223312518,0.5514734781024809,0.8992643551978826,3.925907263710708,0.46267216731956157,0.024302326739495908,0.034481824301208386,0.003268929260178198,0.44852652189751907,4.120557868643298e-06,1.4341827315613498e-10,0.008614836826053567,0.017984034586572807,-5.454525719983394e-13,2.1802380453166586e-12,-3.0764949837924917e-13,8.881784197001252e-16
794.814600338823,0.6858353649095379,0.031243820123686743,4.983400738153522,1.4038133885882507,0.10367580056075343,0.9315450556600036,1.0614693315225294,0.09010370043228344,0.0025610206363526713,0.006532688340221141,4.431153849757545e-05,0.8963241994392466,1.985654521644582e-08,1.3450667761287794e-13,0.0006257364664565854,0.0038028457031410658,8.881784197001252e-16,-1.1640032186962295e-15,-5.588255408059693e-15,2.220446049250313e-16
821.0348484199827,0.09492240228,0.6310554012459938,2.2668248270855296,2.1907591063793856,0.03982076518778643,0.9641079605053151,1.1299567296847812,0.03581761256432361,0.0005420725286884706,0.002575291324692268,1.5885828206096224e-05,0.9601792348122136,2.4425586059516367e-09,3.0521570173484164e-14,5.708904654456958e-05,0.0007949988340176852,-6.217248937900877e-15,-3.5059657217665073e-15,6.534844675189406e-15,-5.551115123125783e-16
913.7579880241606,0.04103018906861047,0.23955015932596602,2.638880380283979,1.9159758620816572,0.16751293878971496,0.9379611779272069,2.0025367944977837,0.1465867059856927,0.004204072944421495,0.010599031100771927,0.00029320835062246356,0.832487061210285,1.423350817660889e-07,3.6006652342113568e-12,0.0011727782456076412,0.004587245486106825,-1.7907897387203775e-13,7.063945191537875e-13,-8.676900669328797e-14,2.220446049250313e-16
901.8489411840451,0.6038563802478203,0.668418093544337,4.055843335260193,3.753096519790552,0.5801032346690053,0.9052040348065898,4.048022255351795,0.4899064222858163,0.023040867878639706,0.03666324925444312,0.0029605363277763336,0.41989676533099474,8.532652680229875e-05,4.0851357517273906e-08,0.008335887983655603,0.01901024130664792,-4.425348976155874e-13,2.2057176294103936e-12,-4.266950919893467e-13,1.3322676295501878e-15
896.3465626152362,0.05700388069357624,0.2944137797016085,1.6321357898950164,0.5223022246547626,0.3744483738835296,0.9327434100217403,2.892247989157212,0.32584833247087874,0.010593584902531396,0.023856035590600896,0.0011357427216463997,0.6255516261164704,3.6540682217539175e-06,2.9783972675457105e-10,0.003772349368727748,0.009168063571498086,-6.816769371198461e-14,3.889600328086285e-13,-1.3735880840459655e-13,8.881784197001252e-16
873.51132551758,0.09157551504427387,0.2789595421177268,2.605608426372411,0.6946159804888701,0.27768275900383477,0.9352918095916691,2.3248212924877576,0.24230223021814465,0.0072974172861628725,0.017647913738857504,0.0005381463818813885,0.7223172409961652,1.5431342715062293e-06,9.920663499502538e-11,0.002585662189278364,0.007267467343943044,-1.872946242542639e-13,7.970370099402935e-13,-1.4484920932960597e-13,0.0
994.1984758677818,1.4896151781413545,0.2987230862437151,4.229190477250443,0.6766302697052042,0.9790549893023626,0.2627084139397581,3.9952217078250105,0.2399619773291527,0.37822453337301515,0.04460063905844574,0.026848353376762,0.020945010697637385,0.008551500877115693,6.063353063852379e-05,0.007539883513657533,0.2787399097787555,-1.1446399383885364e-13,5.499996136517898e-13,-1.475122757846271e-13,-6.661338147750939e-16
897.8762371480424,0.025569834117440716,0.4431381965588059,3.2981017616979234,1.47506904855256,0.10610618744478617,0.9475895540898525,1.7673596298312233,0.09380421190279864,0.002200455883331281,0.006760659944439629,0.00013297884172498603,0.8938938125552138,4.7095776090263115e-08,1.2163863580233475e-12,0.00046870084049744774,0.0026847092804600137,-3.3084646133829665e-14,1.5259489354513036e-13,-2.911880929701896e-14,8.881784197001252e-16
776.1899774824176,1.3426740703701836,0.013997903341017616,2.7188422585013985,1.738043428366653,0.1008228726148559,0.9413558032841738,0.9686367709341729,0.08854707832759111,0.0021382392180383488,0.006411287118291297,3.5805792184215145e-05,0.8991771273851441,6.8491661367602925e-09,1.8508730667819444e-14,0.0004968674397047979,0.0031888857429813386,-2.1094237467877974e-15,-1.7626290119637852e-15,6.800855973335519e-14,-4.440892098500626e-16
840.3915633194996,0.12290869430710065,0.4111776906462523,4.462874585872351,2.874176796757925,0.0578417143748815,0.9522488789002136,1.2248233741548076,0.05138696770515962,0.001028538124026679,0.003700549367911827,3.1212562799040585e-05,0.9421582856251185,8.855123879179631e-09,1.5543371071730648e-13,0.0001366855518447724,0.001540495735961185,1.4654943925052066e-14,-7.011320042976776e-14,1.5044039799801876e-14,-1.1102230246251565e-16
937.2989541015475,1.3828980036848557,0.4759600122448504,4.483703281744385,0.6409396953860004,0.9258780686812744,0.49536677460598366,4.374755813601458,0.427899752918789,0.24897995830439845,0.04587230094991703,0.015892316115836757,0.07412193131872563,0.005124816049064559,2.2672893677440165e-05,0.0104448921948805,0.1747712472320795,-1.2266854199083355e-12,5.674741203646239e-12,-1.0984066338850838e-12,-3.3306690738754696e-16
798.1865704907741,0.2554027538260688,0.254032931556734,2.162478610877127,1.6011920875762276,0.05612558219391739,0.9569362734916375,0.9446000316327023,0.050107789089357625,0.0008915809232317347,0.0036091930795657643,2.2653895778570174e-05,0.9438744178060826,6.014812370580413e-09,7.145409327217047e-14,0.00011449355220331827,0.0013699855936153396,-3.097522238704187e-14,1.3073567357246025e-13,-2.74922539695438e-14,-2.220446049250313e-16
926.763819670844,0.44672375601838205,0.16807780293299152,1.1325765133418024,0.7254226869049928,0.8967998289508756,0.8227752135751638,5.237743576508157,0.6883955927702532,0.0624209049921781,0.05693393259078999,0.012881099902337033,0.10320017104912443,0.00022287407349240053,7.133010088478994e-08,0.007161646612105978,0.06884792878817393,-1.822986206434507e-13,7.959777900105043e-13,-1.9450207008385407e-13,0.0
857.1554286923056,0.25370598836814096,0.13344643060602648,1.9929746993837607,2.5130560340537182,0.16245974795761908,0.9412158451430074,1.6516910643635687,0.1426580783013933,0.0037363045480044163,0.010327287321697881,0.00017518021137804396,0.8375402520423809,1.1086807195793803e-07,1.931249701414478e-12,0.0010155117793942548,0.0045182487346476785,3.26405569239796e-14,-1.2884157227455127e-13,2.018641184441284e-14,0.0
750.4030271050764,0.15602255519602534,0.2320258817078437,1.973376396433638,2.088205333456752,0.007056015125769699,0.9647827814857722,0.48819749049875105,0.006351121362202889,8.972609572346235e-05,0.0004564373752773026,4.2087169266142355e-07,0.9929439848742303,6.074249016867049e-12,9.34982542507265e-18,2.4995400831767192e-06,0.0001522033804452216,8.881784197001252e-16,2.622091940969336e-16,-7.023291932931179e-15,-6.661338147750939e-16
906.8824995240939,0.029778783093646077,0.4138662316932327,1.5254464880783654,2.996902029761581,0.08090113907805452,0.9507473004219807,1.6853223035399576,0.07175978055749761,0.001650474228044421,0.005156243180359354,8.752037780390067e-05,0.9190988609219455,1.2491491499051196e-08,1.76516645117238e-13,0.0003314818471969257,0.001829610932448688,-9.658940314238862e-15,3.16449329751708e-14,-3.3749735234074983e-15,-2.220446049250313e-16
777.0793691805657,0.0770154414628072,0.3445214171290807,2.504241732076347,1.4687918048671242,0.010806978344208518,0.9631606420506528,0.6630318268957818,0.009711009373216655,0.0001450120894890666,0.0006978853141205889,1.0621964455323141e-06,0.9891930216557915,2.820165697003391e-11,7.589333960485302e-17,5.846307603904648e-06,0.00024005576241580332,-5.773159728050814e-15,3.7265571231274203e-16,1.64101960276087e-14,6.661338147750939e-16
848.8487861948573,0.05783800127590981,0.2752716343428538,4.924378553793464,0.5375321991604808,0.12029435294703472,0.9404932468001336,1.4862916202273737,0.10555098402167025,0.002708952359513846,0.007630851019350893,0.00010969263744209868,0.8797056470529653,1.0229904586345067e-07,3.1591817832970288e-12,0.0006247138553727966,0.003649615243939715,2.9332092310596636e-13,-1.2952433125588172e-12,2.6857097378711865e-13,0.0
907.3739879841028,0.050185535676544483,0.2381132804411521,4.713152074611276,1.6112099397324886,0.19266733868024766,0.930863507942594,2.0785878599137484,0.16732293284710836,0.005293767496546408,0.012133976001986973,0.00034044748003993496,0.8073326613197523,3.4545041700462495e-07,1.2928512073883446e-11,0.0016142448162887776,0.005910702355657969,1.5987211554602254e-13,-7.049325020239142e-13,1.5209864112161962e-13,-2.220446049250313e-16
997.5187704567948,0.46107601298200906,0.4559832364539844,2.0201081664220673,2.8533286565936815,0.9443888060191835,0.7718947903893562,6.114607960912867,0.6800961323672025,0.07778971721622377,0.06110514905148066,0.03235426163073358,0.055611193980816515,0.0011012984110526747,1.2405877806315022e-06,0.008051925415569351,0.08434625847849775,-9.622302954426232e-13,4.33118833609276e-12,-7.98777146343955e-13,-3.3306690738754696e-16
899.795553728238,0.23886233989242556,0.6815884274743793,4.407682173139605,0.563806221198631,0.7122082700184358,0.8649267950803137,4.563158684764437,0.5747086429183649,0.04204093659751423,0.04414695783883193,0.00464958721671094,0.28779172998156427,0.00033278730996044573,2.943360393330783e-07,0.01182193225773147,0.03449556161260862,1.3788969965844444e-13,-7.319768617845833e-13,1.512587678411291e-13,-5.551115123125783e-16
769.5852482475567,1.2846295625563071,0.31606355223009236,1.8161651049763448,3.1920295841208413,0.07106097900496955,0.9615519965384907,0.8948542257975037,0.06374781813391067,0.0009952676831700897,0.004596489491539394,2.6185664032009494e-05,0.9289390209950305,2.1257517832732793e-08,4.823710321119083e-13,0.00015682506535370937,0.0015318123392518426,-3.1086244689504383e-15,-1.7624775362642763e-15,5.471545301702677e-15,-9.992007221626409e-16
789.5493333290223,0.10278958337253075,0.652986673033781,4.653521970820656,2.6776964801978753,0.01399826495811185,0.9639232891551195,0.8384132569486734,0.012588617775833477,0.00018400665378120388,0.0009048091301721358,1.6524545927531297e-06,0.9860017350418881,1.210116903676515e-10,7.910721247441904e-16,8.604838914087923e-06,0.00030376412298451725,-1.8984813721090177e-14,-6.949171366734738e-15,2.933588795266577e-14,4.440892098500626e-16
881.288671886869,0.06899808754164478,0.37736306115905033,4.899438922446741,2.207248982845899,0.1176138576320731,0.9429837842527211,1.6919682015197308,0.10347229548661159,0.0025814076232355578,0.007471629890318616,0.000135208173119419,0.8823861423679269,8.718202439696979e-08,2.8220744317209596e-12,0.0005741713389790921,0.003344375018379162,1.6053824936079764e-13,-7.373590554186927e-13,1.5070157689349302e-13,0.0
988.4198771669257,0.04797355483152508,0.24326048414398038,1.9291452677412257,0.65582783676788,0.8428468464027119,0.8522232023730222,5.430605618707015,0.6701366722952705,0.048697708313755465,0.053621992154088124,0.014001696567192023,0.15715315359728807,0.00015932351862974116,5.144496377665078e-08,0.009003354612152589,0.04715998970834049,2.113864638886298e-13,-6.908983716241952e-13,-5.304460641533291e-14,4.440892098500626e-16
806.5609846580376,0.07255897449421292,0.30524453514545874,2.1680134742144856,3.0434410035821426,0.012578536749019542,0.9600804209178891,0.8044858000479582,0.011266761488296893,0.00018517629332985528,0.0008094945834833073,1.689656185438692e-06,0.9874214632509805,3.3330864559193705e-11,7.502990776276583e-17,9.488438488367508e-06,0.00029433108521904227,-2.220446049250313e-16,5.061561859928667e-16,3.922253650170711e-15,8.881784197001252e-16
815.9699314120465,0.18455371197936074,0.13677283622240843,4.264215062280346,3.3814889595623074,0.03100782178275696,0.9474084586146373,0.8693634209003205,0.027407528960696603,0.0005914765652613179,0.001972644272073512,8.628350288945407e-06,0.968992178217243,5.632939116549774e-10,2.5566220383544024e-15,4.825910432435092e-05,0.0009701229944942514,2.220446049250313e-16,-1.3756147464298644e-16,-2.796269720780317e-15,-1.1102230246251565e-16
825.6831566066769,0.640020608244532,0.0616714347832664,1.5754211361767272,1.7416105026758937,0.20514741109586354,0.9390905834012685,1.6709326880139121,0.1797359249499841,0.004905707630684715,0.013051403270461686,0.00017410158970904873,0.7948525889041365,1.6514125791372254e-07,2.1594872828841223e-12,0.0015657504296830178,0.005697127488802766,-1.5543122344752192e-15,-4.29356586405017e-15,3.343402859909495e-14,-1.1102230246251565e-16
799.153166375052,1.0891516036397206,0.42415659035897607,2.1227343823533014,1.8483849360677447,0.20109038015548641,0.9509569255536048,1.6707294990653525,0.1784076633998042,0.003772495730218847,0.012944844655957893,0.00018409936089951206,0.7989096198445136,9.810670729211579e-07,8.097168864678146e-11,0.0012216161904522586,0.004542438998209585,5.1514348342607263e-14,7.1859344294787e-16,-1.1008343205293886e-13,0.0
760.0830688552534,0.3558931418456287,0.6867026060898911,1.0055947729765065,3.5537728024748323,0.018940937791853574,0.9743553584705745,0.7028639580936806,0.017217901547161116,0.00018196078730673318,0.0012372838362264158,2.8955931852693823e-06,0.9810590622081464,2.330817342689766e-10,1.4716076844993217e-15,1.0724453734295911e-05,0.00028243959259788965,2.220446049250313e-16,8.568561149876058e-16,1.1623144007817313e-15,1.1102230246251565e-15
967.3293167612227,0.03270586273343631,0.19418548242118827,3.850586717945793,3.519173495262601,0.24958464563066385,0.9229056895492667,2.5972529976103753,0.21490006758159963,0.008047303619108907,0.01561177361440183,0.0007377904774540684,0.7504153543693362,4.965734690573511e-07,1.703114934916633e-11,0.0027915639079692856,0.007369328426723608,2.360334150353083e-13,-8.126627630805935e-13,-4.881004119442464e-14,-4.440892098500626e-16
817.820817089305,0.7899030319650125,0.1384678679072961,2.395418792461304,3.3247243313529453,0.13170996824336434,0.9447530406372318,1.3351511954192592,0.11609093470785418,0.0027384907844204757,0.008400695582713558,9.060242190230566e-05,0.8682900317566357,8.34737330446428e-08,1.6129175315533157e-12,0.000681247616680787,0.003694428023001112,3.9968028886505635e-15,-6.734610028762495e-15,-1.176869065623908e-14,6.661338147750939e-16
831.068847413674,0.11321384591249957,0.6154981625303622,1.2209235714978233,0.6369234600100524,0.15808903541018193,0.9598963096543878,1.7258710552550223,0.1415752822630081,0.0025341763337225947,0.010227577336901647,0.00019944158842742838,0.8419109645898181,2.6531430505836654e-07,1.3354026501940799e-11,0.0006406291723068682,0.002880579951904116,-5.617728504603292e-14,-1.0629821423248007e-13,1.3313584996367969e-13,2.220446049250313e-16
992.3050918252154,0.5726475098772871,0.14680670829922687,1.7195274190848864,3.8648527769093137,0.9282420297215402,0.7894501773604449,5.689928353944188,0.6836712545729412,0.07501014505202558,0.05894085624748066,0.022218721089282557,0.07175797027845972,0.00028924257570687686,9.775898519817839e-08,0.008611412612885672,0.07958017480441537,-1.894040480010517e-13,7.344819913603812e-13,-5.765313902034318e-14,4.440892098500626e-16
837.4721786499837,0.12484108188611479,0.49408128401591633,4.575048832964454,3.401854946992343,0.04890227765869304,0.9549992837147984,1.2051892246672118,0.04357059568930565,0.0008188631387814902,0.0031359019409564477,2.2988877205197682e-05,0.951097722341307,5.539985467889725e-09,9.245510954368436e-14,9.640357675773794e-05,0.001240827698197513,-2.453592884421596e-14,8.801196398811413e-14,-6.5964267659952375e-15,2.220446049250313e-16
889.5394374710411,1.4499869590476766,0.6662837996453554,2.5473933812794574,1.9109459865739895,0.8023163297952678,0.8464958179511369,4.881978496924344,0.633624283346872,0.052930035143668744,0.050016127366782875,0.006883990242327479,0.1976836702047322,0.0005739788267428142,6.305468335004129e-07,0.009733091281815456,0.048706015722546285,7.749356711883593e-14,-3.8467727160607575e-13,7.287434671636297e-14,-8.881784197001252e-16
877.5381856578188,1.1500747334233523,0.18228427093451463,4.353447605091325,2.878395995897145,0.5520587399141577,0.8769111209778232,3.4351780036670863,0.4516502263119867,0.03099848264395044,0.033671246149379844,0.0013491400502179205,0.44794126008584234,3.816133833261031e-05,7.400110591684512e-09,0.011818057790740766,0.022498481475247134,-2.220446049250313e-15,-5.241556761627396e-15,1.8062051303633204e-14,0.0
945.7571475718413,0.20762295946526355,0.5866461169812868,4.062974274879703,3.419542452595924,0.6286757035060597,0.8985285060194226,4.482195756549026,0.5270112677808756,0.02638485556865185,0.03977895144073209,0.004848817769723946,0.37132429649394033,8.783475014822719e-05,3.7744901309430066e-08,0.009053168701397435,0.02136933030336923,1.7275070263167436e-13,-8.652532981009019e-13,1.7936650542290092e-13,2.220446049250313e-16
824.0509126168591,0.5981383770356037,0.09026883488864904,2.2542881842891136,2.5954204310516746,0.14070289621042187,0.9417560197332066,1.3834816947816266,0.12362400422928903,0.0031088168346777227,0.008950426774459487,0.00010105520112533016,0.8592971037895781,6.871796337043519e-08,9.284331030348288e-13,0.0008053029563573007,0.004098549373081777,-6.439293542825908e-15,9.302737162802007e-15,3.4815692988839634e-14,-3.3306690738754696e-16
940.9356263234838,0.14433973971386937,0.10965132814474517,1.3918776416011163,2.4557340383850477,0.5385409765912819,0.9114432659940644,3.7209544308391003,0.4579412430875573,0.020565087900719297,0.03403236223555279,0.002553125938135132,0.46145902340871814,6.051520223712271e-06,3.2711109201160886e-10,0.006812360024732912,0.016528949604325643,2.1871393585115584e-13,-8.938913681267998e-13,1.7105913834337424e-13,6.661338147750939e-16
916.5065575361956,0.5334490131467865,0.5438079191390461,2.996956307183074,2.331546753908597,0.7389743537223272,0.8751292739608297,4.746625281768777,0.6033411442302776,0.03860249489613018,0.046510617402107594,0.005965102627111635,0.26102564627767283,0.00023128596716018713,1.4628780851365072e-07,0.009884549487774553,0.03439828127946242,5.122569035620472e-13,-2.4301741965069345e-12,4.704081315422843e-13,6.661338147750939e-16
839.3806923422921,0.8861603790798108,0.5017452477263394,2.6780536338348693,2.5674568558192297,0.3335486341972067,0.937928376015825,2.513105456292515,0.2918705028803337,0.008323274211241355,0.021332994321198364,0.0006109335691224315,0.6664513658027933,6.718984845256778e-06,1.1004823931519897e-09,0.0032011545872475964,0.008164980278295098,-1.1879386363489175e-14,6.353231754234144e-14,-1.6703148626040512e-14,2.220446049250313e-16
838.1864869031483,0.03997622070280479,0.6916991568799612,2.4204834431310305,2.028112732795569,0.03011701916533993,0.9634128679637763,1.2103381881000497,0.02706984646912101,0.0004227036217891282,0.0019448603717785496,1.0422857251707808e-05,0.9698829808346601,8.948602444699484e-10,8.02278662708078e-15,4.0605409667365625e-05,0.0006044409783677865,2.1094237467877974e-14,5.558384131793981e-15,-2.923259740558309e-14,4.440892098500626e-16
870.9968172904587,0.03006027007801537,0.43955654990014925,4.853980808657325,3.301231659475995,0.030257980718429334,0.9509630708096863,1.2755708546605131,0.026845095819621093,0.0005574016591278903,0.0019293949853992744,1.1246607532975274e-05,0.9697420192815707,7.649113735067542e-10,5.7481642230779735e-15,5.336002797032333e-05,0.0008333214053036222,1.1102230246251565e-15,7.136461972904088e-16,-3.782999822462823e-15,0.0
802.362574619447,0.38006291964615246,0.3001411654278214,3.7933512072866757,0.6081156955544185,0.16833963686344044,0.9417570897541924,1.4865056210363967,0.14790629180543083,0.003695615709692473,0.010730741990493687,0.00012959372572401756,0.8316603631365596,5.50668457472534e-07,3.530462340654223e-11,0.001158676067614723,0.0047057288318631905,3.774758283725532e-15,-2.5369386578994296e-16,-7.756281238563818e-15,4.440892098500626e-16
766.5280316615836,0.7455975929885643,0.09886759198891618,2.629398521563175,1.6317446368487087,0.05299254474467241,0.9524368379017717,0.7368052037594985,0.04708822546611226,0.0009028219460115252,0.003395862016597884,1.430168302221348e-05,0.9470074552553276,4.0631245749991515e-09,3.330757213016818e-14,0.00011682933086626839,0.0014702574382982102,-2.220446049250313e-16,-1.2628024322949882e-15,1.1773217307595974e-15,-1.1102230246251565e-16
929.715445283278,0.05403595260652514,0.6723471828262624,3.9333819311105795,3.2214007160087412,0.23682704559654422,0.9422564676520724,2.6878047756981878,0.2081909221824029,0.005637456690260866,0.015106040599674997,0.0007070269460294473,0.7631729544034558,1.1858839389567387e-06,1.1263845696619347e-10,0.0018393477304574476,0.005246515194610963,-2.219335826225688e-13,1.066738482255983e-12,-1.9904233373052537e-13,2.220446049250313e-16
948.633283131661,0.7549996395605029,0.11588931578428291,3.505118077276756,0.5060334390789158,0.9238486701515731,0.550360843786526,4.410703668789937,0.47436182404440835,0.2147373234466866,0.0477838254538229,0.01647290086958457,0.07615132984842683,0.0010430230346193442,9.292622450360352e-07,0.011100316393358541,0.15895666079782375,4.907185768843192e-14,-2.4794938133748825e-13,1.2009727020367375e-13,-3.3306690738754696e-16
780.2381813623888,0.026721407164215026,0.6150214661138822,2.9625788056548714,2.006383549119417,0.003606350671609304,0.9665421803499135,0.7262642410932348,0.0032519969543414974,4.4133365465310154e-05,0.0002336031283662919,1.201951732704301e-07,0.9963936493283907,1.1690157625639078e-12,1.3603078212710271e-18,1.1874302360799498e-06,6.849721315876227e-05,-8.881784197001252e-16,-3.30868940853287e-15,8.651885851030667e-16,4.440892098500626e-16
862.6816935542502,0.5114728483787331,0.5672399476641363,4.351400337809272,0.6582034752719327,0.6006416603240625,0.8815743425709512,3.7905841004251806,0.49401002015077516,0.031897566543004595,0.03708026504954207,0.0019637305659953477,0.3993583396759375,0.00014880658231068123,9.206084647468391e-08,0.01109035246460329,0.02440977548700957,-3.930189507173054e-14,1.9791972959505297e-13,-4.080595100994432e-14,6.661338147750939e-16
856.297910539052,0.0735518477981876,0.01836727436280802,3.860141248649148,1.1341786727948149,0.08489047401157723,0.9325638581575397,1.2371633099428958,0.07385823131266246,0.0021369615148439333,0.005332731521235937,5.599754884386298e-05,0.9151095259884228,2.367603922198318e-09,3.910370212048143e-15,0.00038146419488197376,0.0031065717158535603,-5.839773109528323e-14,2.392872038858146e-13,-6.393885051508915e-14,6.661338147750939e-16
844.1591700286403,0.05484714016526073,0.18151721269077153,1.4439782901656493,1.2636136147916788,0.052451404369416754,0.952079497095666,1.1170883795603612,0.046589891399845554,0.0009629892580598784,0.0033511828019961083,2.7290941291489244e-05,0.9475485956305832,2.0493913050778613e-09,1.1105479777621598e-14,0.00012810694857080064,0.0013653142985798207,-2.3869795029440866e-14,9.129222141832947e-14,-1.3374763722702296e-14,-1.1102230246251565e-16
882.3438238767319,0.7320379636333897,0.4987587482620256,4.840578874898056,0.7339254833790541,0.7291767494180921,0.8140732860364353,4.260114159132126,0.5538060302254499,0.06665274199345275,0.04281800776390107,0.0034687005925291008,0.27082325058190787,0.0005157484651557467,5.339277140110707e-07,0.015457359579774213,0.046603720785621715,4.687361609967411e-13,-2.3271022331597976e-12,5.044950195145539e-13,4.440892098500626e-16
796.9735264212495,0.8592864562167241,0.5513982846401336,1.3066004277124508,3.794239533128584,0.10189255205627334,0.964660746700632,1.252578519404102,0.09170191633004142,0.0013674213294772295,0.0066134060826463,6.828434319281547e-05,0.8981074479437267,6.874575645656767e-08,2.3702553846392704e-12,0.00026685170324974205,0.0018595272426333083,-7.993605777301127e-15,2.4920993247310916e-15,1.1218340200151233e-14,0.0
893.615685390286,0.04624070032396412,0.42373138588047715,4.396450585942659,2.2358427948007087,0.1133648895086431,0.9448515466952006,1.7648808711358013,0.09993175440416513,0.0024362144061840095,0.0072098876743498744,0.00014069771563842277,0.8866351104913569,6.948495872370001e-08,2.1186420176085317e-12,0.0005315888421867293,0.003069784263719622,3.9679370900103095e-13,-1.830248525615687e-12,3.6668510849878746e-13,1.1102230246251565e-15
810.7932280225551,0.27155924995867303,0.07942585752314016,1.3522225069974771,1.4779564958861637,0.07613316581531004,0.9508429287563623,1.030466055784204,0.0675373529400882,0.0014028761290166732,0.004869308431842922,3.654414044036697e-05,0.92386683418469,5.400722542183639e-09,2.7501578151879065e-14,0.00022794692342945901,0.0020454941351082984,-4.555245070037017e-13,1.880511620994934e-12,-4.3839525187082467e-13,8.881784197001252e-16
818.7232363907856,0.6931353107151945,0.2529218523933873,1.1466751393316312,3.8794949215483654,0.12011916013208823,0.9558136312625864,1.336688294674051,0.10711415631179905,0.002043142692726236,0.0077333461691842294,8.986316245567751e-05,0.8798808398679118,6.132440945403933e-08,1.2605948484884896e-12,0.00044910567410116165,0.0026693932210301993,1.5543122344752192e-15,1.2976837608541767e-14,-1.6699306642063805e-14,2.220446049250313e-16
992.9834042209845,1.1902241320714213,0.05574035840373282,1.9577342595487734,0.5919101569198691,0.9793423537399778,0.39236797454009453,4.728240268122458,0.3585002427402971,0.2645135300518196,0.056016686945489676,0.045428081454544154,0.020657646260022183,0.0010349947454420612,7.543049570315755e-07,0.007560698412733658,0.24692437845629248,-9.658940314238862e-15,2.455165759381355e-14,3.654411161627938e-14,-7.771561172376096e-16
860.7671538573056,0.0566468088561058,0.1710259563158731,1.563365236862472,1.9502260357975487,0.05764945602044158,0.9492975400182586,1.2135953160716304,0.05105742800887934,0.001128074617840342,0.003672625757242304,3.481167201446501e-05,0.9423505439795584,2.5346088826012913e-09,1.3980506625634887e-14,0.00016339799020235427,0.001558818260981241,-5.140332604014475e-14,2.330289694915541e-13,-6.805923909084518e-14,6.661338147750939e-16
952.7125063439654,0.03335617497492002,0.07745968897201856,1.3443711372116591,1.5191857366977237,0.32393879837370776,0.9238877721484958,2.78064971945771,0.279218089121734,0.010788928403275973,0.020345448987029238,0.001002679173843141,0.6760612016262922,4.5009759928541676e-07,7.631044925506522e-12,0.003845860911220043,0.008597933603663855,9.348077867343818e-14,-3.3278737632248215e-13,-7.170043571682767e-14,6.661338147750939e-16
904.1672954550464,0.026317925961900156,0.00688266716337848,3.060553408854972,2.392179493693552,0.05680076862178285,0.9302231193186535,1.3142607375245812,0.04929498129825324,0.001503768993660723,0.0035477385329672636,3.8017008539547235e-05,0.9431992313782172,1.275609595920038e-10,3.600346895037701e-17,0.00021913765647497887,0.0021514722834274675,7.083222897108499e-14,-2.7856143960929456e-13,6.281562086300042e-14,1.1102230246251565e-15
853.1216022904633,0.2038531903805819,0.5998811149699431,3.541351061769561,0.5756358807139574,0.38017459187272906,0.9309624255866258,2.8402979913718083,0.33019964787314116,0.010716895631983105,0.02421524062439904,0.0009086336168964639,0.6198254081272709,1.3616680440961847e-05,3.1540966935954407e-09,0.004251915410078372,0.009815850174630988,-4.022004951309555e-12,1.997729821670557e-11,-4.022658420879629e-12,1.1102230246251565e-15
973.2767376715419,1.003622550605942,0.3716005000882057,3.7413226707091187,1.4969660001213765,0.9393504757297966,0.5895775391424727,5.132468780993462,0.5166898785935321,0.18082999902104818,0.053328154461635434,0.026469186549937847,0.06064952427020343,0.002904919785630927,6.7768348998133445e-06,0.010340588583965592,0.1504682319870003,-4.616307336391401e-13,2.0241394830347337e-12,-3.728413298385311e-13,2.220446049250313e-16
982.7685081529694,0.17523035866668477,0.08148767026789847,3.2012661954767982,2.3734642638287955,0.8096703299732908,0.8365631791838963,5.008926950137335,0.6319290711719738,0.0571381601282149,0.0498947635136622,0.008946553298272585,0.19032967002670914,6.467587176139158e-05,8.326342753508068e-09,0.012738159117158391,0.048903377626288595,-5.1736392947532295e-14,2.6013636148000655e-13,-1.8385860739862395e-13,2.220446049250313e-16
969.2286156176262,0.11662252911814275,0.2910152388170734,1.3023296112868572,1.2751110360604498,0.8266179358488606,0.8688858097154124,5.326668604643444,0.6700834526948051,0.04149102670883027,0.05304147047061067,0.012330590556304552,0.1733820641511394,0.0001409197247944252,4.6689969674695653e-08,0.007401139690526379,0.04205789541048708,-4.263256414560601e-14,7.198170718577561e-14,6.456747294069535e-14,2.220446049250313e-16
930.962667776356,0.2644114381081623,0.3966181997971688,3.666239109786199,0.9142244086068796,0.8022541118937789,0.8316961148454987,4.913002049032716,0.6224980409503046,0.059324708768177865,0.049253757568879564,0.007756782917288546,0.1977458881062211,0.00038451663546494163,2.68925451398426e-07,0.01242655699387644,0.05067207982266149,1.8918200339612667e-13,-9.42623042933021e-13,2.2908103073254143e-13,4.440892098500626e-16
883.3273927319293,0.06720118871629213,0.28475223962779017,4.607101129054856,3.4593182201777655,0.07839227252480563,0.9428050965230448,1.4744172501843793,0.06895353575134565,0.0017052496430435067,0.004968942337278915,6.584029960102097e-05,0.9216077274751944,1.528034589216294e-08,2.3835806555184526e-13,0.00029036688191596904,0.0023746675602037857,-3.9968028886505635e-14,1.5513036460657078e-13,-1.4015066732327272e-14,2.220446049250313e-16
963.1915571142224,0.07108685675115102,0.15505844583030248,2.788657403785272,2.2903046498939816,0.5155801504971042,0.9049475643727275,3.7406242412530015,0.43529228407559334,0.021136629386788806,0.03232522620221305,0.002711010484772111,0.48441984950289585,8.272752707905004e-06,6.480931668317452e-10,0.007897132358762498,0.01609037696268728,-2.9742874829707944e-13,1.1718123067006126e-12,-1.3426412288255438e-13,4.440892098500626e-16
808.6144289802637,0.2877928897645301,0.43345648548238214,1.82102781120602,3.0550723543558513,0.056036286297450943,0.962038260070887,1.061071136028235,0.050294796379985025,0.0007992652026197093,0.003620142454006911,2.609253025178729e-05,0.9439637137025491,6.914859894946553e-09,1.0297749840787189e-13,0.0001029389861359749,0.0011786061449348061,-1.1102230246251565e-16,1.1568829107809796e-14,-6.137981203383228e-15,8.881784197001252e-16
937.9317117731283,1.3620879345082766,0.0976831079322262,3.291610645640653,3.8191344283545305,0.8404083037515024,0.7824448687979565,4.749678499675659,0.6134871157280928,0.0869205760840143,0.0495037866066905,0.007934153341369413,0.1595916962484976,0.00017808261003474194,4.499580633210857e-08,0.013721626817992947,0.0687070530054306,1.4876988529977098e-14,-8.746862967168216e-14,7.762407725940513e-14,0.0
908.5495987720218,1.0416459762702404,0.12340947152202889,1.9471458770739187,2.0358022389347346,0.8059567155607024,0.8401741687751424,4.646943483984089,0.6317458648670204,0.05742274939975961,0.049595552388973875,0.005798825825304273,0.19404328443929764,0.00010930228385970441,2.319442117365978e-08,0.010314033373389639,0.050975767940809005,1.3988810110276972e-14,-6.20563137670658e-14,1.8863862405511878e-14,4.440892098500626e-16
934.654847581261,0.9063590111008863,0.11811506739935786,1.7608847666750052,1.3823161551365137,0.9048713225564545,0.7703250077053334,5.102092717539717,0.6503126261735259,0.08955604834493268,0.05542802293385942,0.013683329212873003,0.09512867744354545,0.0002774746582153786,9.016089400265562e-08,0.00917516487576293,0.0865501392494874,-2.1649348980190553e-14,9.389737059404835e-14,-2.351052059685772e-14,-1.1102230246251565e-16
843.3065043973751,0.1644193466241892,0.23437025750467697,1.6776744738660465,0.8311704477312374,0.19830012093440474,0.9453727776527971,1.8001124202353698,0.1748990441894714,0.004289158618236768,0.012679141231892352,0.00024240064150460257,0.8016998790655953,3.6444333887473933e-07,1.2807896454415472e-11,0.0012863381403088992,0.004875987152952919,-5.5067062021407764e-14,2.4095409755778977e-13,-5.150924691228172e-14,2.220446049250313e-16
915.1286783344142,0.6450640846014495,0.25823357072937764,3.816205020167386,3.8338663746284536,0.6326454864828593,0.8806085556675117,4.053098406514054,0.5197621845810514,0.033321963812688,0.03918607002709353,0.002977448794142164,0.36735451351714066,6.381835325420963e-05,1.6462090513777242e-08,0.01123740468852703,0.026036385229121918,-1.1546319456101628e-13,4.980583447080508e-13,-9.87787977393964e-14,8.881784197001252e-16
814.9316538962667,0.11613454680206649,0.6429477317956432,1.5122713328603146,2.3219794283574413,0.03964203325763205,0.9665697461549572,1.0990926364458362,0.035747895819830997,0.0005097077155150394,0.002569586969547037,1.5737018660711748e-05,0.960357966742368,2.1794573158529555e-09,2.469114479455209e-14,5.461624086282241e-05,0.0007253023411807499,2.886579864025407e-15,3.270824768691074e-15,-4.551851405151484e-15,1.1102230246251565e-15
998.7590628137004,0.43304317886265703,0.4961437894337917,1.877454335063112,3.8602838672042283,0.9313203639116056,0.8025489620632452,6.147234204378107,0.6973198067739721,0.06505292240581481,0.06052983016979469,0.02928410121264902,0.06867963608839446,0.0008402737479679723,8.419754740771542e-07,0.007719070908597123,0.07084018343420545,-1.6723289419928733e-12,7.957803715639809e-12,-1.606859046459718e-12,-8.881784197001252e-16
874.4062895255573,0.17038396270033523,0.38749644467845507,2.743291322399118,2.2314408233609346,0.2214138220129439,0.9428725165004911,2.1357094784643844,0.19476865719285263,0.005050178647995478,0.014135030142979562,0.0003956954869812405,0.7785861779870561,8.004336206943304e-07,4.997876210029392e-11,0.0016097975839683902,0.005410115274201008,5.284661597215745e-14,-2.6303441878148695e-13,6.471198119597228e-14,4.440892098500626e-16
998.3576212607948,0.0357704398197251,0.5527919246181363,2.9083354191323263,2.601180550987395,0.5840714659481936,0.9087973052463585,4.591195924317936,0.49521567742313893,0.02215517544888518,0.037153181026332915,0.006003349835181341,0.4159285340518064,3.4473402988419124e-05,9.497262957959182e-09,0.007643219962980365,0.015617280562031677,-1.787459069646502e-13,8.966237314227172e-13,-1.9059195082063952e-13,2.220446049250313e-16
926.0607486083783,0.344063456330312,0.6993198406924503,2.7098412523534527,3.799913527649627,0.6267299084896093,0.9100324021335999,4.4592773383975235,0.5321065939285535,0.022700943677737066,0.040088884101545985,0.0047609342803192015,0.3732700915103907,8.482323564263541e-05,3.836890740499731e-08,0.00723078849614878,0.019624489275599365,-2.844391389089651e-13,1.3874857544336165e-12,-2.5965570269795793e-13,-3.3306690738754696e-16
869.6997706321606,0.0935274759319313,0.08943832089932419,1.2156438825168234,1.5847749399253381,0.12594027912420758,0.9434764669540093,1.5223889943114757,0.11085545992373803,0.0028310047121138594,0.008000163688181698,0.0001244016175635638,0.8740597208757924,2.181956093278432e-08,1.5591949227215267e-13,0.0006567616129052359,0.0034301401088760518,7.926992395823618e-14,-3.1135583668825215e-13,2.974729102271776e-14,2.220446049250313e-16
771.9463010027139,0.05575451683503292,0.10425812620925508,3.1045155365093535,3.268615822275099,0.002728977265569532,0.9552809758422741,0.533528116873951,0.0024321615095462745,4.387431391252999e-05,0.00017475996994120437,8.007807067917923e-08,0.9972710227344305,1.5405846497581566e-13,4.592524164681983e-20,8.14560594082214e-07,7.309440511405968e-05,8.881784197001252e-16,-9.793953972619414e-16,-3.827827897609823e-15,2.220446049250313e-16
791.1627649572825,0.06139363837466438,0.4887731943893696,1.4671086404823093,1.7155414966028175,0.012847343511890208,0.9670200764500969,0.7895352500400288,0.011590714048986928,0.00015857891193533265,0.0008325972798599124,1.6735476807268249e-06,0.9871526564881098,4.5501771989701375e-11,1.3269086522811598e-16,8.495867861972576e-06,0.00024398943023036374,1.3322676295501878e-15,1.0474233313302798e-15,-2.8577417710930684e-15,6.661338147750939e-16
922.157234968656,0.1356741580338268,0.2162231664319437,2.477066073691054,1.0457664025070612,0.6104982187489347,0.897852492657622,4.006163721763844,0.5113882655747504,0.02673124850878319,0.03838511966627492,0.0031238191292875233,0.38950178125106527,3.0624556349719505e-05,4.9043241226344785e-09,0.008762520428256707,0.0220031124124039,3.2218672174622043e-13,-1.4155466229660047e-12,3.1576776914014955e-13,-1.1102230246251565e-16
814.3065312229439,0.11427231491595793,0.4202077167189767,3.2676085241243937,1.9588892328488654,0.037975647701066206,0.9584325077628388,1.0022619661224956,0.033956904237627865,0.000583529272241661,0.0024429374955889606,1.3058013776763544e-05,0.9620243522989338,2.0761152531292216e-09,2.3081669315898006e-14,5.656182015318195e-05,0.0009105916631125192,0.0,-4.79915393167667e-16,3.165753096051205e-16,2.220446049250313e-16
787.9146646265847,0.7676682089867122,0.3111251038155505,3.993985180891073,3.183992727762932,0.06667222731253131,0.9535145190037179,0.9606916639951562,0.059310780438167045,0.001120686306636093,0.004278387873979116,2.6082653510385677e-05,0.9333277726874687,2.1686141336948672e-08,5.567660599948578e-13,0.00017211023331568814,0.001757400572095123,-1.5543122344752192e-15,-2.6499085175550364e-15,1.7102752093914697e-15,-3.3306690738754696e-16
789.0334933641092,1.4143367419145374,0.09490114408412675,4.109260660641939,3.572891086475163,0.09090155628842556,0.9413168063702034,1.0034986565225459,0.07983043502659361,0.0019194212230087052,0.005776207881314298,3.67822603856976e-05,0.9090984437115744,3.08935862865014e-08,4.816368682977957e-13,0.0004066474635544538,0.0029261744649723164,-2.6645352591003757e-15,-1.6872660273994926e-15,2.1727077520405015e-14,0.0
849.6818549755469,0.02484897287859267,0.17065769268112413,4.7477038951749435,0.9224099808878439,0.03526094781101874,0.9433405503137914,1.0584834203708293,0.03103300631782462,0.0007357816161092844,0.002232857205942769,1.3253036928732677e-05,0.9647390521889813,7.792571556306965e-10,3.848623055843325e-15,7.019859168802012e-05,0.0011590547597301265,1.4654943925052066e-14,-8.936251319913329e-14,5.047251746400838e-14,4.440892098500626e-16
860.1115003605698,0.09999407395869077,0.43785098678334883,2.7392014526280355,3.3703763961776927,0.07294085485625568,0.9541607555158629,1.4115033400872075,0.06493124999125009,0.0012863091068449311,0.004674944758802254,5.593306233269628e-05,0.9270591451437443,1.422278085337547e-08,2.549162839325659e-13,0.00020845410084751676,0.0017529704683459362,9.103828801926284e-15,-3.8566300685632155e-14,4.70919234289907e-15,-1.1102230246251565e-16
986.0371261673539,1.2303134076020132,0.325349297080433,3.593788945041363,3.716716587400867,0.9352830784806956,0.6638534976906401,5.436818011990783,0.5792642006773778,0.13924404749741837,0.05552881043753678,0.02686671890823283,0.06471692151930442,0.001746106898988684,2.593203568826194e-06,0.010842650604218688,0.12272331228281688,3.9479530755670567e-13,-1.753388676346327e-12,3.5285964005576965e-13,4.440892098500626e-16
835.1924651999427,0.041816687923581904,0.5657212996378826,3.829564921891327,3.9154815122291025,0.014638788076337561,0.9596072423416279,1.0674336455481808,0.01310569344534435,0.0002201399004545552,0.0009414606559839193,2.430794235951116e-06,0.9853612119236624,8.573570631810874e-11,3.6159266118083976e-16,1.3450860294938305e-05,0.00033819817861611637,-3.219646771412954e-15,3.3777190464835304e-16,3.762344125389557e-15,2.220446049250313e-16
984.4332116827138,0.13678493182144277,0.2214400685902309,2.325277666351352,3.9563521500220724,0.7044082020673748,0.8848017124483667,4.759408752977129,0.5814759049604016,0.033719543706000395,0.044476355060264885,0.007054158395248644,0.29559179793262524,4.695407830786349e-05,8.735204429538991e-09,0.009602684017300188,0.027894454779538596,-1.241229341530925e-13,4.987012214629783e-13,-6.57807734652139e-14,2.220446049250313e-16
836.9795383837269,0.6720447048774443,0.5179427648210571,1.768591557238138,3.1716459468994502,0.23894027176885035,0.9512511807281263,2.0852422154904535,0.21205373520671988,0.004598760242592878,0.015399101878265892,0.00037025988794656904,0.7610597282311496,1.3964821415340198e-06,1.2259068780425287e-10,0.0014872899842863032,0.004997225417982475,1.4299672557172016e-13,-6.709834681409403e-13,1.3021687009918596e-13,4.440892098500626e-16
762.8310915750885,0.15176657066097257,0.33105365771112527,3.0462834404974926,2.747615245721441,0.00822775018595967,0.9635921582279926,0.5770576575746906,0.007396661064635142,0.00010808628085496943,0.0005316131316922218,5.568507627446636e-07,0.9917722498140403,1.4229467181565086e-11,3.6286780333931194e-17,3.3275775093973853e-06,0.00018342303993437048,4.440892098500626e-16,6.250229828533127e-16,-4.018302922206329e-15,-2.220446049250313e-16
923.4886252948052,0.1658843772852984,0.034899457155165056,2.9825369079620447,2.0840295990833035,0.4591105999462687,0.9026448169209184,3.200462701095948,0.38663002466126245,0.019405034962698842,0.02855662975382475,0.0013565912690955762,0.5408894000537313,1.749410834317293e-06,3.2848718850500945e-11,0.007618127301594275,0.015484667533113889,1.0702549957386509e-13,-4.1980239428759955e-13,5.12201527535129e-14,8.881784197001252e-16
751.1854996160554,1.0470842909721814,0.27640426750944735,2.151932688068782,2.7783902616881253,0.03856881958273639,0.9632688269403528,0.6468083176292102,0.03466132957540423,0.0005080342705169841,0.002495871418277919,8.129013577674171e-06,0.9614311804172636,2.9029490188500026e-09,3.901234708265617e-14,4.916305239532538e-05,0.0008424784071387177,-1.3322676295501878e-15,8.980922770098826e-16,1.9251133742242098e-15,0.0
976.8608337632015,0.306195932401489,0.49740773270867006,2.146480585762018,1.9468327693664735,0.9097515813740044,0.8120884917949446,5.865706950372445,0.6892670849408072,0.06363205199678929,0.05839062998887979,0.02217846968358363,0.09024841862599567,0.0007488522829160422,7.287033671910092e-07,0.008282950137302061,0.0674753052012187,-3.9812597663058114e-13,1.940296979048236e-12,-4.063771083609432e-13,8.881784197001252e-16
871.8919087487394,0.574893241638911,0.5818533466883364,3.6638703462798925,1.7642420070510398,0.5254983715303386,0.9105618109322148,3.5749538496895163,0.44641848684632784,0.019887259742498956,0.03316651647129413,0.001793961446666213,0.4745016284696614,5.582256288143721e-05,2.1855880479569596e-08,0.007550553713558088,0.01655543436615602,-1.6986412276764895e-13,8.476502270888588e-13,-1.7215613478595189e-13,0.0
867.8768607893484,0.09060603030882468,0.3982117471094723,3.8942264126929804,0.7746300628563672,0.2354427401499123,0.9378939841334144,2.166125251566215,0.20601574747069526,0.005809238310592125,0.014974059076729737,0.0004105831623181347,0.7645572598500877,1.325635534237763e-06,1.0638957430296424e-10,0.0019724620898453416,0.006221860419925625,1.3211653993039363e-13,-6.132963617826863e-13,1.2577431969956027e-13,6.661338147750939e-16
826.3714761276508,0.04053525368845643,0.19130999859454104,2.653457233499129,2.83870143776292,0.011787701554214158,0.9528790700169859,0.8525467549428133,0.010479203736960279,0.00020425512292642748,0.0007528679474248123,1.644355210640797e-06,0.9882122984457858,1.840391083380969e-11,2.6232162920357672e-17,1.0707140248466116e-05,0.0003246599788734479,2.220446049250313e-16,-9.365222679276362e-16,3.998261913790839e-15,6.661338147750939e-16
964.4617326790512,1.0750303514805892,0.5196887309322655,2.4134270673051663,2.9632511363605802,0.9308412935070446,0.7511282412744844,5.75585767793789,0.6523055845511413,0.09156700911020337,0.05867658162129766,0.025305685535572713,0.06915870649295541,0.0015029329581137708,2.2653884380076133e-06,0.00868470244942281,0.09351214538186751,-3.7980729672426605e-13,1.8534308921137738e-12,-3.817868993889283e-13,8.881784197001252e-16
778.607571410356,0.08145631446445689,0.3152240306297459,1.7050677707971578,1.4267036779051923,0.012191178028143734,0.9641624897638991,0.6684510194429525,0.01096622795596414,0.00016044051348082533,0.0007880104277323423,1.404150766117985e-06,0.9878088219718563,3.3527331007294534e-11,8.123504664437377e-17,7.3492015503550785e-06,0.0002603070125980444,3.1086244689504383e-15,2.0150605103426488e-15,-7.385158059421157e-15,8.881784197001252e-16
785.3110551324792,0.180611382849938,0.3455170476333334,1.0459887337005178,0.8201594286596475,0.050557321272411304,0.964309299709786,0.8873816606121563,0.04548432718101433,0.0006805240847262779,0.003272854459916347,1.8880967347499855e-05,0.9494426787275887,3.918266114335893e-09,4.081507438415694e-14,8.152341480746276e-05,0.0010080495932690062,2.042810365310288e-14,-7.126833047596898e-14,1.9250481116627999e-16,0.0
833.5137010909557,0.15517375559102972,0.2325023319846342,4.578887068021664,1.4511825976769421,0.09285089342153752,0.9434562833009003,1.2693794649462298,0.08172769164010367,0.001950390790350334,0.005901900678741186,6.219930885181288e-05,0.9071491065784625,3.9535303637978496e-08,8.675247497670433e-13,0.0003748050451327756,0.0028195969401980815,2.0738966099997924e-13,-9.183032060338385e-13,2.1055306573932768e-13,4.440892098500626e-16
864.462109396561,0.12242794662373767,0.3904658187953991,4.880066001332716,1.4366844438979716,0.17875544136271804,0.9395241152748857,1.8865288917177614,0.15668541315926351,0.004194650250648521,0.011357774778605523,0.00024458632201753615,0.821244558637282,5.246816917912455e-07,3.2414403519016643e-11,0.001244602761004628,0.004997778464891242,5.784261958297066e-13,-2.8774121600424726e-12,6.982419935900504e-13,2.220446049250313e-16
935.7783850952588,0.21600591824233406,0.6095139274430159,3.2170534230863734,2.547541779561418,0.653111076875124,0.8998165341764175,4.560064686747521,0.5482799735747209,0.02671303915912171,0.041518313853087116,0.005221139836650172,0.34688892312487596,0.00010257222658232658,4.720679469458576e-08,0.008475238054075561,0.022672445054148622,-6.17284001691587e-13,2.7436530182834106e-12,-4.550545796101895e-13,2.220446049250313e-16
823.3523402676778,0.04257402805920656,0.6262641975001809,1.4032391110879097,3.6432308937882762,0.012075885376893969,0.9658798890704599,1.013881172848616,0.010881868418758241,0.00015880308960585006,0.0007811323371663216,1.7466817090002124e-06,0.987924114623106,3.733464745298576e-11,1.0066558068679168e-16,1.065088654795336e-05,0.00021879444379370108,5.329070518200751e-15,8.782241834415699e-16,-9.133809193691762e-15,2.220446049250313e-16
962.6818642251573,0.08520932731767326,0.4464034571870598,2.597621365657442,2.5762590567692425,0.5821077882258818,0.9099124109733658,4.28657035105607,0.49415633030672657,0.021775276837287822,0.03701081184712255,0.004550739644996578,0.4178922117741182,3.298135654409822e-05,7.912691114148706e-09,0.007428366026443594,0.016992658958387877,7.771561172376096e-14,-3.884617648090103e-13,9.133642173086461e-14,4.440892098500626e-16
995.8817245607578,0.182770194598875,0.13433787114200021,1.5438855242181693,0.4876528968767363,0.961913883904324,0.7182317338518737,5.804512676118929,0.644558214446872,0.10057645726975223,0.061729939708828334,0.03511971631216561,0.03808611609567602,0.0005208326515185732,2.3153743067974178e-07,0.008091136433017605,0.11156680988490889,-5.623279619726418e-13,2.306783769742221e-12,-4.124369892035278e-13,2.220446049250313e-16
895.8505870024953,0.4974042939071212,0.20461727952358563,4.548059872724839,3.821236957785521,0.42759671053745807,0.9058672748821274,3.0360341853969124,0.36137681911079017,0.017119043961329145,0.02664704977406691,0.0010944526066221836,0.5724032894625419,9.904256535005732e-06,1.135117294727342e-09,0.007158509138336919,0.014139973835631273,1.7030821197749901e-13,-7.494206614138441e-13,1.7520945031881492e-13,2.220446049250313e-16
931.4687248448248,0.22649554238888578,0.678287254212803,1.3298091461744548,2.41128376820619,0.6836049999773974,0.9110915903067611,4.768829660851901,0.581070239753393,0.023480086917116564,0.04417177956004175,0.006792866013410168,0.3163950000226025,9.094914883317823e-05,3.944418054349483e-08,0.005924103907839216,0.021936735329158488,-2.4646951146678475e-14,1.3928255355188305e-13,-2.7849394163522088e-14,6.661338147750939e-16
933.9123208283794,0.02377053216957107,0.5385858125028699,2.970858588624659,2.726617779450576,0.1423716971858594,0.9455818943267064,2.19305269911825,0.12559841958134477,0.003209398871219325,0.009057000288972447,0.00028020129621258245,0.8576283028141406,1.2598417557659277e-07,4.785973258261736e-12,0.0008401936784234368,0.0032826313487910315,1.0613732115416497e-13,-3.506937054918375e-13,1.2843680647342014e-14,2.220446049250313e-16
920.0762764413204,0.04830240444696596,0.047707636732813107,2.332795151098672,1.7807157209774074,0.19721774981663076,0.9270360307301597,2.038469088976574,0.17057052175810114,0.005863611733308816,0.012360741409839438,0.0003356555665240917,0.8027822501833692,6.370596723530296e-08,4.48868066074025e-13,0.001791826574213588,0.006225962867286112,-2.6645352591003757e-14,1.678511774917907e-13,-3.1787619913080643e-13,4.440892098500626e-16
914.9352696396415,0.09926316526606016,0.6209573869021738,2.198764852138633,3.592355672523914,0.26287685323554366,0.9452472944656567,2.6900871974045457,0.23182440560729398,0.006009122026448704,0.01683755031410636,0.0008066782038544626,0.7371231467644563,1.4534893643285102e-06,1.3401591441625075e-10,0.001986379220008307,0.005314140497987423,-2.1760371282653068e-14,3.080529974699528e-15,2.999212943667249e-14,4.440892098500626e-16
774.6821994060546,0.0879313666774004,0.4406763400762804,4.7284724675194205,2.4923597735168723,0.007388928760971969,0.9614975696142303,0.6627194285232447,0.006628130258757293,0.00010264550642209065,0.0004763507989067067,4.4723987096693997e-07,0.992611071239028,1.3153148227033199e-11,3.908478309277235e-17,3.0425159620783452e-06,0.00017381227328420125,-6.772360450213455e-15,1.1888151990846698e-16,1.7659450919808908e-14,1.1102230246251565e-15
974.8200284156152,1.3720284332396964,0.3357643446919084,2.2490844479073795,3.8719823898086516,0.9407596252181025,0.726640794147474,5.662342184666142,0.6377637208551158,0.1032357445400777,0.05883773218788114,0.027322335507021726,0.059240374781897455,0.001192490870420962,1.3267027168814998e-06,0.008830486984455953,0.10416670740135803,-4.463096558993129e-14,1.7748870617415247e-13,-2.2582984872999442e-14,-3.3306690738754696e-16
956.3603576567095,0.49434710431678885,0.22520047585086714,3.362296264377291,3.0766439450393377,0.8283129075477205,0.8232023597123884,5.038506101311047,0.636154202049296,0.06386873172262836,0.05081671442346721,0.009405203514644862,0.17168709245227953,0.00024856593671517745,1.0456275571352877e-07,0.012472767865670836,0.055368834764645304,1.7763568394002505e-15,-3.0124271958872045e-14,2.6286439868606114e-14,2.220446049250313e-16
868.340164714087,0.020759090837224537,0.6883005062707269,4.362859622806484,0.6243025828573544,0.0897026122136163,0.9540670182734086,1.6591482793121024,0.07984456101931572,0.0015967075363531927,0.005752451006311747,8.804492074586396e-05,0.9102973877863837,4.4587947842478036e-08,1.53441804858664e-12,0.00029557192069913657,0.0020920917029678917,-1.325606291402437e-13,9.021176076673616e-13,-2.3636840895038576e-13,4.440892098500626e-16
891.3636422092807,0.04536279611238252,0.6004089920417435,4.018825789660539,3.7289653846950332,0.07431967975354892,0.9523434057148414,1.6770889735674974,0.06603265707555006,0.0013835469807307098,0.004752141573508052,6.885926153392158e-05,0.9256803202464511,1.7652196132706582e-08,4.0284940153861713e-13,0.00023592890584229508,0.0017991827363682026,3.552713678800501e-15,6.968400332104049e-14,-4.231820550385548e-14,-6.661338147750939e-16
994.9886258244542,1.1627135072334533,0.3884236446204336,3.2826714293380994,2.4852276758031464,0.9560275762196061,0.5920699173515424,5.527316436735685,0.528086152449016,0.1689573735378851,0.05714160308576873,0.03751259590265745,0.04397242378039391,0.0031169760689202914,7.275864078336831e-06,0.009490010195755027,0.1535243887086898,3.064215547965432e-14,-1.5921438522110749e-13,4.02414176085492e-14,0.0
820.745313909533,0.05356936201255767,0.1408199916715626,2.818215836058049,3.026427125611125,0.0119051493664869,0.9513272898171259,0.8066713890507659,0.010566378614408935,0.0002117967964400722,0.0007592777465060623,1.6431088886131867e-06,0.9880948506335131,1.6038180165142092e-11,1.9495650171239343e-17,1.0439533430622417e-05,0.00034352284708622703,1.9984014443252818e-15,1.3727422159951854e-16,-1.334336008304557e-14,4.440892098500626e-16
876.4262974596168,0.3677397178129224,0.44906005172853597,4.386316080173975,0.8834200983226701,0.5647335696384597,0.8909088370300335,3.6660590414976535,0.46939475850132034,0.027087085143544357,0.03506216668659669,0.001863470327139339,0.4352664303615403,7.864091211961536e-05,3.1969641068603974e-08,0.010133682523138935,0.021056093131093516,3.3306690738754696e-15,-3.2215092386415885e-14,1.3330583376994445e-14,2.220446049250313e-16
993.4099770142495,0.09382757261321514,0.44279447700078894,1.1876270086710368,1.1644099383188842,0.8939198398810806,0.84662960839891,5.944502563700825,0.7060791598807395,0.048225333732067686,0.0582331333796466,0.022612149387078798,0.1060801601189194,0.00035665656815384424,2.1781841974890824e-07,0.006656566629134449,0.05174775763891732,5.366818101038007e-13,-8.708151216706405e-13,-5.332578114629409e-13,4.440892098500626e-16
921.1524780833695,0.5222186930913887,0.09636262344382887,3.945031357049686,3.240751312205886,0.6299315274244377,0.8696367028439745,3.9346306667613593,0.5110843354800279,0.03726354845707435,0.03850321679323804,0.002564094287764248,0.37006847257556225,2.7413876316253022e-05,2.9172754578688404e-09,0.012699483086494302,0.02774285716387471,-4.248823515240474e-13,1.7356997772587023e-12,-3.3010905082437045e-13,6.661338147750939e-16
939.3554054740058,0.10357440365388652,0.40184697333394953,4.3813731532155895,3.578878127543952,0.3792954912768267,0.9224694103279477,3.193824942131162,0.32643071657302164,0.012278557229507055,0.023949444770095456,0.0015057763372808282,0.6207045087231733,6.238394429119685e-06,8.075931349673918e-10,0.004805802144069409,0.01021536312029444,-1.6087131626818518e-13,7.53224919218637e-13,-1.608853988391124e-13,-4.440892098500626e-16
892.7316653768282,0.059616101811904555,0.20109654603113294,4.005652807453842,2.7959307481256666,0.10073009972853708,0.9383580230356026,1.5738401343027317,0.08818387932196922,0.00238958992445296,0.00636183319916937,0.0001041557191661066,0.8992699002714629,2.627242335390977e-08,3.8427290588312687e-13,0.0004845018025402548,0.0031660921536856685,-1.2101430968414206e-14,4.30021872023734e-14,-9.92265088418098e-16,4.440892098500626e-16
840.2526281066138,0.4585799392964345,0.2366793231131527,3.967727280238426,2.430574825541239,0.1884303676918202,0.936471787678298,1.7339642891049243,0.16462923435464127,0.004608444186985557,0.011952338979580382,0.00019924566641374653,0.8115696323081798,5.312771689337734e-07,2.6328243018195894e-11,0.0014699194321860173,0.005550589071805804,1.4654943925052066e-14,-5.480714843642626e-14,5.199031850303821e-15,4.440892098500626e-16
799.5576863508386,0.33631163625171534,0.5043959815066542,3.5227094316687935,1.6460289547063145,0.08202428150525154,0.957551334927808,1.1560377521249878,0.07327669371151785,0.0012851580194731258,0.005284888758372769,4.475107040769114e-05,0.9179757184947485,4.721770404200754e-08,1.7133132300239085e-12,0.00022355420853271306,0.0018989210574844593,0.0,-1.6182661494433376e-15,9.230760655050056e-16,2.220446049250313e-16
808.1620394161794,0.7913347376358734,0.4128188381475221,3.0104491383311283,1.2341424309667373,0.23984003025484657,0.9419278791433121,1.8835452631774563,0.2107660644323558,0.005408505328396706,0.015335708353852052,0.00025261172762988134,0.7601599697451534,2.218593713705372e-06,2.519274569222924e-10,0.0019911863508297704,0.0060638787396584334,5.329070518200751e-15,1.456597527375625e-14,-2.2395788692183416e-14,4.440892098500626e-16
844.2734663804067,0.06494226194690705,0.5705474652602065,4.20789811467513,1.2062681572761802,0.07920253202223693,0.9546450941788776,1.415123542768921,0.07054112399836099,0.0013596673253944886,0.0050829755532280545,5.878238480880043e-05,0.9207974679777631,3.085222348655836e-08,9.12274448844295e-13,0.00022711921013526698,0.0019117132680218853,-7.993605777301127e-15,5.71918265514128e-14,-1.6204442277362625e-14,2.220446049250313e-16
989.6689419975778,0.04074149116450131,0.6854465144939369,3.0672563110094186,3.8487482125379717,0.47319506414070933,0.9231333618041071,4.145045683977909,0.40753603611240136,0.015412618431450628,0.030137684841657228,0.003824376990703147,0.5268049358592907,1.518097453770653e-05,3.474875969372252e-09,0.005680109317445723,0.010344513966431709,-1.1834977442504169e-13,5.343057566645376e-13,-8.752740108505774e-14,6.661338147750939e-16
911.1599452719272,0.039139201781616756,0.44495452180543815,1.2833382786625829,0.9574758638092411,0.2845662336218978,0.9431989853440034,2.6579018002488812,0.2504079168041739,0.006925387555568004,0.01819647312759174,0.0008635697158053311,0.7154337663781022,1.3140787293167224e-06,9.182108332909108e-11,0.002286654821592067,0.005782882806697684,-3.497424572174168e-12,1.759720345170626e-11,-4.099157167174281e-12,8.881784197001252e-16
996.7190485527997,0.7327378546514689,0.524201783546967,1.8298590019644303,3.2761903665766567,0.9577199796299546,0.7482994449447917,6.241378450719995,0.6686137987537366,0.08487423554803904,0.06258942043620536,0.038930313386128124,0.04228002037004543,0.0015779624045747377,2.2834838036479705e-06,0.007567523392577387,0.09431255238940617,1.1524114995609125e-13,-5.83565027295409e-13,1.2777386870804106e-13,-1.1102230246251565e-16
781.4131494338386,0.40750853589720115,0.6113926399436946,4.532139900428273,3.106799299506566,0.03657423256171366,0.9624555390130718,0.883008442111467,0.03284106730706435,0.0004976653669902107,0.002363602259983012,9.297515582007739e-06,0.9634257674382863,3.861148939088735e-09,8.137304459827205e-14,4.559151164000806e-05,0.0008109315769924251,-3.1086244689504383e-15,2.2091160771107527e-16,5.6571045552765694e-15,6.661338147750939e-16
894.1274386939413,0.12004253343891788,0.6424391850952296,3.9739008921555974,1.8012306717824715,0.3144336952166714,0.9375622774562826,2.8085391375001962,0.2750366498953389,0.007972083411807834,0.02007177210320968,0.0009173508319308736,0.6855663047833286,4.816899667127135e-06,7.512826875120359e-10,0.0029438489314468582,0.0074169987833160875,-2.2093438190040615e-13,1.0660749336631342e-12,-2.0126826655985898e-13,4.440892098500626e-16
957.1845182469737,0.06579444097525111,0.11245569398533974,2.318600929617428,3.737977832705425,0.3215821461928564,0.9207520693095836,2.8124748896271115,0.27624599949174433,0.010906416982171627,0.020154840006852442,0.0010370351006424286,0.6784178538071436,7.480916682263877e-07,2.014534012111826e-11,0.004024726892079551,0.009088781742434139,5.704325900524054e-13,-2.286545174943753e-12,3.316644323997072e-13,2.220446049250313e-16
922.7259241048463,0.03865406688584971,0.5601439271223326,1.6543824451524767,1.4837373371704368,0.2742319515929915,0.9440232454069227,2.7485325789926125,0.2415250091929871,0.006563708514293001,0.01754102190210999,0.0009091844585300583,0.7257680484070085,1.3750681650988454e-06,1.1368487114482929e-10,0.002177107975590607,0.005398597856700431,6.372680161348399e-14,-3.003124966521201e-13,5.6759600875834687e-14,4.440892098500626e-16
913.0931068572071,0.1919541968037781,0.6467715019031532,3.4712209013842577,0.46993925460561864,0.7786925475501982,0.8547757896931534,4.930928622444369,0.620982835061626,0.04778120963181597,0.048652245630205544,0.007229858505987605,0.22130745244980174,0.0004420960592451592,4.1313015315063186e-07,0.010837987915938993,0.04281040681261724,-1.176836406102666e-12,5.8804507273041795e-12,-1.1641437725235247e-12,-4.440892098500626e-16
830.4820182736918,0.25174394182515275,0.18735766783607402,2.8531660925817595,1.9705047126856883,0.1042544479390668,0.9461906681500176,1.2890451986441551,0.09203110105476613,0.002107277278498471,0.006646947791355193,7.370698701665522e-05,0.8957455520609332,4.1197420559889456e-08,7.346999437182092e-13,0.00043464999680058446,0.0029447343392417172,6.23945339839338e-14,-2.627484417201168e-13,5.591394751798444e-14,6.661338147750939e-16
869.070580089636,0.025347022447455698,0.6448390846304762,3.722293860769177,0.5292192389373238,0.12150414817363242,0.9525644900275041,1.786619794730714,0.10798087872795531,0.002258742576255353,0.007790985495360639,0.0001534808210264945,0.8784958518263676,1.230183967235005e-07,5.547354735592715e-12,0.0005073528851038002,0.002775948720538971,-4.674038933671909e-14,2.982860831095078e-13,-7.715450924866118e-14,4.440892098500626e-16
863.4630183462849,0.38899291140269926,0.14538537324277592,4.887084480158129,3.1052823118422737,0.21598739862492566,0.9249838062817558,1.916661371015144,0.1863905577712074,0.006344102910350937,0.013563641037457429,0.000267178092866401,0.7840126013750743,5.939313305790553e-07,2.270762804884353e-11,0.0022080454606894346,0.00718874106234706,1.3278267374516872e-13,-5.77114140204543e-13,1.489159942101035e-13,2.220446049250313e-16
941.4812562983694,0.3589182197412613,0.12531019838848437,2.8509303681872544,2.1552783412656447,0.7679797119204592,0.8509849386010269,4.66259008037618,0.609723572296136,0.050464480274741805,0.04732796576269832,0.005886593475960748,0.23202028807954073,7.830248188509661e-05,1.419520342797626e-08,0.011952458688872254,0.042510118107007853,1.5409895581797173e-13,-6.599419268819892e-13,1.7821352971142848e-13,8.881784197001252e-16
754.1996291054419,0.04964221301980485,0.0479801071123402,3.241209555892766,0.8779061620251767,0.003728417671494566,0.9539160496447785,0.44680541824054065,0.00331815048380306,6.153913958244984e-05,0.00023846936059251879,1.4712013215746696e-07,0.9962715823285054,2.417745886949248e-13,6.156351769537034e-20,1.1486473829225646e-06,0.00010628795372042392,1.5543122344752192e-15,-3.0277957501115532e-15,-2.2353708243921168e-14,2.220446049250313e-16
849.1795276151684,0.32320039675128714,0.08332987493347871,1.5930942057132955,2.5374897134348644,0.156509526358535,0.9417887406016235,1.5649727571073107,0.13751676133432222,0.003559343253244523,0.009952439596975154,0.000147282972004926,0.843490473641465,6.276406799795004e-08,6.687045976925193e-13,0.0009433911908868694,0.004363889130636881,3.774758283725532e-14,-1.628326912397666e-13,5.607337113957508e-14,2.220446049250313e-16
987.9711520317765,0.168993348513856,0.1295389846227054,4.491017674883874,2.6520631981351768,0.8006037100644587,0.8275446631420182,4.997935185286584,0.6181165972478614,0.060761883850880875,0.04880599727217248,0.008854173140133604,0.19939628993554123,0.00011371415128715684,2.481175109577033e-08,0.014704036916312564,0.049195655444919786,1.9317880628477724e-14,-5.371230865928188e-14,-3.5300697133484636e-14,0.0
815.4093892484868,0.29625631674538594,0.5849870841076524,4.6403482906596585,3.063889114588672,0.06860570207294014,0.9569463208839524,1.2106697765160517,0.06125043179036836,0.001091854210177339,0.0044139406261169255,3.65119583205029e-05,0.9313942979270599,2.641117036108851e-08,8.628525524299188e-13,0.00016393565306243777,0.0016368021438762147,2.4646951146678475e-14,3.328067158989838e-14,-5.628206062851616e-14,-4.440892098500626e-16
949.7048166370038,0.07320526834060595,0.05213970583560773,3.620824218727883,2.772385844943174,0.35391143398044655,0.9094443224339583,2.865043309505096,0.30028391845608204,0.013614648879203977,0.021999018186681474,0.0010495413682176983,0.6460885660195534,7.526432910609016e-07,1.3322754622671209e-11,0.00533655938633598,0.011540793592418906,-4.092282068768327e-13,1.729298653768368e-12,-6.636736581806882e-13,0.0
879.7715355914818,0.161407339057954,0.1139142825746582,2.898808386698696,3.466848259469621,0.1405194365554201,0.9360558459398106,1.6432458707672084,0.12271552908970258,0.0034944014382620003,0.008874893528945528,0.00015850242417286953,0.8594805634445799,5.6487955723013174e-08,7.346969952105683e-13,0.0008755738782333069,0.004365219796055272,2.2737367544323206e-13,-9.477194551361387e-13,2.1078518860575093e-13,6.661338147750939e-16
985.503399174766,0.43582765405087154,0.23565984553700084,1.68815282837616,2.9696400076679117,0.9194083345276374,0.8052452948284673,5.725524830353283,0.690713583306839,0.06757168347131838,0.058740942965850924,0.02144212256544354,0.08059166547236268,0.0003838303174425657,1.8630700301557578e-07,0.008213726232130032,0.07244458693807568,8.983924715266767e-13,-3.97086497996481e-12,8.886467913587311e-13,6.661338147750939e-16
878.2654614497881,0.24563526548139877,0.6105000407301343,1.2452365323575965,1.2703518661092872,0.48238916589639236,0.9361694557915812,3.482316293459478,0.4213212628477874,0.012505212188989662,0.031108844412419637,0.0020014553204142443,0.5176108341036076,1.8393451325334552e-05,4.036079731701963e-09,0.004047147176248699,0.011306159163754636,4.569677969357144e-13,-2.222973636368877e-12,4.2817166260015614e-13,-7.771561172376096e-16
900.2467804518965,0.21034072426712835,0.6183746248825296,3.7598256804005703,1.594942450741235,0.5100431139533319,0.9168996140232823,3.705883974519315,0.43630485237733396,0.01760367512071166,0.03237325258582918,0.0022716890209214615,0.4899568860466681,3.9483831874525625e-05,1.3100180927034864e-08,0.006692652321132328,0.014661519054434777,-5.508926648190027e-13,2.386879443348438e-12,-3.743162248881612e-13,2.220446049250313e-16
790.2284383277166,0.04514002683687889,0.645395393592837,1.9622651608700084,1.252180730478385,0.01282137114267301,0.9683224897290216,0.8347479915524858,0.011582861281496508,0.00015162056542258006,0.0008320867833806586,1.6156183724344116e-06,0.987178628857327,5.855326040739944e-11,2.2283548998969803e-16,7.910726307419515e-06,0.00023493092389566633,-2.964295475749168e-14,-1.1981006774836508e-14,4.61703557416518e-14,4.440892098500626e-16
792.3051214036066,0.7449079384165712,0.5637855759111645,3.991821904488349,1.1452581283075758,0.16975890816597772,0.9489738890859699,1.534792922602068,0.1502962694296237,0.003243384067773985,0.010896796856867,0.00013586031267279723,0.8302410918340223,9.554057629627948e-07,1.0763355484936588e-10,0.0010249895416324726,0.0041462101248971265,-4.440892098500626e-15,3.752341951395753e-14,-9.084223963065134e-15,1.1102230246251565e-15
932.6224256078983,0.3124391423330763,0.399566766641092,3.423401715534458,1.0764145968771384,0.8154372805933361,0.8293063621383747,4.9869885563353495,0.6309092932397489,0.060599326679706154,0.050203118794490534,0.008502991579838259,0.18456271940666397,0.00041399694761535226,2.9880439976196784e-07,0.011951379201251352,0.052936451685579027,-5.473399511402022e-14,1.8287024434819395e-13,-6.658581199685295e-15,-1.1102230246251565e-16
986.9184851848644,0.029240059582256322,0.3833401267656723,4.304370150564963,3.993692917992754,0.32576978025536707,0.9232935456083244,3.1950736754707485,0.28061569585326535,0.010659673791488395,0.02048450442032831,0.0014941116905389266,0.6742302197446329,2.308255932791979e-06,1.9952591379402566e-10,0.0040237187921898085,0.00831278361559667,2.4646951146678475e-14,1.1907912258117413e-13,-1.4227894571818708e-13,4.440892098500626e-16
944.1040470229332,0.21332360502536876,0.3502692806246758,1.2090690534400095,2.3463237985032506,0.7205263706344947,0.8981523395363123,4.761185521321363,0.6037557088652978,0.029128881223298635,0.04620869721458369,0.006965300333176113,0.2794736293655053,6.845750322507089e-05,1.84820459803982e-08,0.00681802532240879,0.027473667301533593,-1.9673151996357774e-13,9.12421176966398e-13,-2.0204618086910938e-13,-2.220446049250313e-16
846.7596441915324,0.34091340769502504,0.1507486864496002,1.0596948880634782,2.2746318279608686,0.18122827612759784,0.9469710839670242,1.701652449084925,0.16011205876699713,0.003836541206889755,0.01159163077987744,0.00019635305227272667,0.8187717238724022,1.4826624158029654e-07,2.789667913770613e-12,0.0010723707002176987,0.004387028671165997,2.3314683517128287e-14,-1.2537545805435662e-13,5.978563230323674e-14,4.440892098500626e-16
881.4286654628304,0.022870222205705115,0.0049587239029347426,2.4974688981256983,2.990691251960366,0.022249749169987898,0.9359864474940991,1.0604415799095501,0.019429250354836867,0.0005308150607522904,0.0013958543174569665,6.738014745087949e-06,0.9777502508300121,3.849719634870231e-12,2.7931611250630005e-19,4.616967681672646e-05,0.000807081314898639,-5.2735593669694936e-14,2.0681905231371427e-13,-5.700724724209518e-14,0.0
954.0216329543703,0.194983137459777,0.2411556790707122,3.018214643153587,2.128923564235287,0.7357162987939847,0.8700262759880177,4.7184806387996865,0.5971784277048013,0.04058973535144354,0.0459956990248533,0.006330823962312477,0.2642837012060153,9.381970069803007e-05,2.5462172707380367e-08,0.010965512589885026,0.03448701108624076,2.0317081350640365e-13,-9.67525560547822e-13,2.767776077081175e-13,8.881784197001252e-16
801.2642250989666,1.4013886090733696,0.06883157885784891,1.1691127112348303,3.6391331388853967,0.12739828004474196,0.9497123550483175,1.2186517700668036,0.11288000428606305,0.0024207932568694576,0.00816300875767198,6.854872166195511e-05,0.872601719955258,3.3466968980726756e-08,2.904423593162938e-13,0.0005767755174177382,0.0032769082783417956,-4.107825191113079e-15,1.2831275921699136e-15,3.5150081688348564e-14,2.220446049250313e-16
929.4706881972795,0.809381621686975,0.1784643241072376,1.8061460321740723,1.123563843736035,0.9009426540343048,0.7751757358571226,5.114427917487459,0.6515664042018837,0.08685545251511173,0.0553569355536008,0.013526053325596105,0.0990573459656951,0.00039916510861420757,1.8989290111925028e-07,0.009091326922505584,0.08431531367346937,-7.061018436615996e-14,3.1052304888572634e-13,-7.75216471031988e-14,2.220446049250313e-16
822.187045767032,0.2827484540496257,0.427617778083185,4.429200823691687,3.164653709758144,0.07146255154616221,0.9531264748667453,1.1983485455347687,0.06354632156356223,0.0012385960584091298,0.004580983511592313,3.980969437098962e-05,0.9285374484538378,2.3798485118679032e-08,6.281739112334026e-13,0.0001923420051960853,0.0018514964516078444,2.220446049250313e-15,-9.925078691089323e-15,2.48871576135252e-15,2.220446049250313e-16
928.7062117501594,1.0531657578659532,0.056572671034069474,4.142982760468442,3.2040024968357077,0.7787524660269057,0.7975137897458406,4.407833203793426,0.579427363072351,0.07777944318076173,0.04524033881121706,0.0047500624657951076,0.22124753397309424,7.479659900056004e-05,9.765924866590162e-09,0.016332046241989695,0.05514427846600506,2.886579864025407e-14,-1.1753672526797865e-13,4.938029436000692e-14,6.661338147750939e-16
967.8425761174652,0.04375341512571424,0.20724856180622866,3.5332436446272935,0.9913497742232964,0.6267271002358675,0.8881814339328268,4.288240451443129,0.519327750124524,0.030079523379857885,0.039168551317104665,0.004416842924438296,0.37327289976413247,3.157961330601666e-05,4.977419926992264e-09,0.010361673084014622,0.02322544234816425,-3.4161562467716067e-13,1.4975374918345925e-12,-3.4404426914540945e-13,-1.1102230246251565e-16
968.4805886783469,0.02106559789955731,0.33354754265187053,3.747743459360892,2.2194691320251745,0.27557814994112917,0.9275364155373014,2.831792542661965,0.2384718462473466,0.008437976951977465,0.017344618543167066,0.0009831059998998135,0.7244218500588708,1.0805473855837418e-06,6.580520329709552e-11,0.0030084865635264294,0.007188941253205222,-7.4495964952348e-14,4.082866249277237e-13,-1.3001723277386614e-13,2.220446049250313e-16
902.5354358964072,0.02185803945279228,0.08411208218727077,1.294191005609892,1.961903218908664,0.05927846859261654,0.9408512554724647,1.36651206747236,0.05203305303312396,0.0013967864221797722,0.003737831211744816,4.282379349543113e-05,0.9407215314073835,1.150004138243679e-09,2.875251670296059e-15,0.00023419335503250939,0.001763291298550541,-2.1316282072803006e-14,5.430213490102381e-14,8.560134512525016e-14,8.881784197001252e-16
892.1289303142803,0.03177927833168788,0.678001676374145,3.698838272799557,1.151259493574374,0.1499158844472025,0.9503664077964161,2.0706873249260496,0.13292298726886842,0.0029736110954315244,0.009600713589974818,0.00025515839086657783,0.8500841155527975,2.4255103157827404e-07,1.375457019092548e-11,0.0007617128985993656,0.0033467123002639625,3.397282455352979e-14,-1.2446589895781698e-13,1.1576101013615103e-14,2.220446049250313e-16
869.509438560935,0.1457914121783845,0.5930772867909756,3.981503486208522,3.490335681171991,0.13179949384164147,0.9508871537412329,1.8092116747931775,0.116924113862375,0.002515573609408777,0.00844397971721729,0.0001687350629592363,0.8682005061583585,1.7180200310654068e-07,8.597160512998153e-12,0.0005947298300939328,0.003116573550902862,-4.440892098500626e-16,-2.337344668002826e-14,1.200006376489772e-14,2.220446049250313e-16
935.2703999156848,0.22193205193246648,0.14090059194756854,3.0481210396231315,3.5607694240229577,0.5133847836776794,0.9032321020873237,3.5784483462442833,0.43261713963684145,0.021430244570384147,0.03211838848290491,0.002120586675268218,0.48661521632232063,9.53107817060773e-06,7.705648077740609e-10,0.008123434608524153,0.016885736661233733,-1.1390888232654106e-13,4.731645645007552e-13,-9.559238077518223e-14,6.661338147750939e-16
964.0963510420852,0.26060177624964,0.30683665861333687,3.591197877401578,3.016035266295908,0.7766912245743024,0.8549417653243766,4.984612714362472,0.6195071119915277,0.047589879190386083,0.048398124761171085,0.008247073661608182,0.2233087754256976,0.00017810809653394927,7.3412510994498e-08,0.011870807711282473,0.04084053553011406,2.6423307986078726e-14,-8.446412393430405e-14,-5.419307972356987e-15,4.440892098500626e-16
936.5970082879948,0.06090814558977095,0.5191187946982578,3.3224266460562126,2.110186750224336,0.37496055233300296,0.9302307636887412,3.2507710157773753,0.3254150561359487,0.010924523806545986,0.0238462776328305,0.0016189713894859672,0.625039447666997,6.084496302021217e-06,8.692054001800764e-10,0.004108112483216453,0.008925379854936261,-2.438049762076844e-13,1.0323236212724379e-12,-1.5234428609568636e-13,1.7763568394002505e-15
761.8070930919096,0.07971152546430257,0.5058412076928003,3.7052565310677847,1.161256693224862,0.008970720922652275,0.9652933844140377,0.620006486758408,0.008078822017623765,0.00011260927573482499,0.0005806269028984127,6.2313178368935e-07,0.9910292790773477,2.579705760269148e-11,9.79113218763067e-17,3.722095006192138e-06,0.00019033401019647182,1.5543122344752192e-15,2.31035812376798e-16,-3.813246325007996e-15,-1.1102230246251565e-16
877.396046690506,0.22937805832072908,0.3191813738355723,2.923142030741748,3.7104130881846666,0.19720224367486106,0.9415323526017263,2.003037684001697,0.17322416001682212,0.0045715644692524045,0.012557843622232917,0.0003163323269283329,0.802797756325139,4.543711196347537e-07,2.1317311892293943e-11,0.0013835536739046056,0.005106973581430744,1.509903313490213e-13,-6.891191998775535e-13,1.500396439531217e-13,4.440892098500626e-16
971.7014888129758,0.609433390549977,0.1300096676130639,1.54947169636747,0.8408610905485975,0.9582286802133593,0.6808035289415997,5.487577948149718,0.6086285604204785,0.12134752247518524,0.060115423794847585,0.031439208089216436,0.04177131978664078,0.0006378194608937109,3.3793736626618545e-07,0.007941244125298138,0.12845732510959817,3.863576125695545e-14,-1.6869000426250742e-13,4.3230686201895234e-14,0.0
953.2386974047577,0.41035105957353946,0.6570183719185527,4.401025398908683,2.301767605053817,0.8391220097989156,0.8200217162148763,5.408588282080319,0.6419657094480655,0.06359217716539377,0.052035545861307604,0.012162291423127154,0.16087799020108443,0.0008044104184736744,1.0058590426536456e-06,0.012125360047360027,0.056629463368919546,1.8851586958135158e-13,-8.728564292925373e-13,1.5205597388451939e-13,-1.1102230246251565e-16
886.8613570948802,0.07837555424194173,0.22165741143454445,1.066048273528924,1.983850518232085,0.15325551410546256,0.946660795417919,1.8001474312957848,0.13535424030858212,0.003381000947413098,0.009768798611714577,0.00021619248434080887,0.8467444858945374,7.91285498232364e-08,1.4264769024759857e-12,0.0008803556027497271,0.0035889091420676657,4.39648317751562e-14,-2.0227906121899948e-13,5.731419253510567e-14,8.881784197001252e-16
909.9073230187507,1.1656540723460662,0.3264180931488195,3.548362652380206,3.247474556419946,0.7507914034082148,0.844226010145958,4.521177507715683,0.5913428965315932,0.053296648152925674,0.04577394825406596,0.004803829387284756,0.24920859659178524,0.00023726674324950196,1.252830592129852e-07,0.012790062733516162,0.042563153535176784,4.8627768478581856e-14,-2.3539632978721453e-13,5.746269004180206e-14,-7.771561172376096e-16
928.0207251821362,0.025085583816879496,0.30831127714496726,4.595257871376241,2.072394667451533,0.14500459540416333,0.9356325990046647,2.014831886253417,0.12657515718212253,0.003718331542446955,0.009144715121800059,0.0002474533355630963,0.8549954045958367,1.1581622804086449e-07,3.3805549438965604e-12,0.0009638987560306448,0.004283723294291951,-8.881784197001252e-15,5.723870074635059e-14,-2.049487449633744e-14,2.220446049250313e-16
783.4439892460208,0.3628831806288295,0.013293753823953319,4.871419832591119,3.119407697213738,0.02178542939896888,0.9439440848888887,0.6421507750127936,0.01918552811345396,0.0004344887309962875,0.00138137589958575,3.863124824502327e-06,0.9782145706010311,3.2590362870162846e-11,1.8414969433294706e-17,2.651958245524036e-05,0.0007496597121051497,4.440892098500626e-16,8.81657252679312e-16,1.391564895163601e-14,8.881784197001252e-16
966.8379469407016,0.11062161130350638,0.28419639312268546,3.024444354723988,0.9490774550156078,0.8251930163594596,0.8413791488599627,5.197664634646907,0.6477518373019717,0.05422503790941754,0.05158203139953153,0.010785279658512873,0.1748069836405404,0.00023416449387304609,1.0312018489454946e-07,0.011124503989761211,0.04947185650816305,-5.265787805797117e-13,2.3700126395923023e-12,-5.223801871576175e-13,-4.440892098500626e-16
777.4627282490507,0.04164430825952329,0.6325005148672147,1.2788195078749127,2.7618202278737622,0.004120309904181663,0.9703233187640001,0.7182360300309854,0.0037299904099061783,4.5676002713637394e-05,0.00026786003753441126,1.7062034989922878e-07,0.9958796900958183,1.4035338816882852e-12,1.4042904277378042e-18,1.5611671562687469e-06,6.543621613893654e-05,1.4210854715202004e-14,4.817835782121177e-15,-2.2924859273972454e-14,0.0
865.6462833909974,0.0261603324528272,0.30161856939546333,3.9058120869208017,1.7055398737175234,0.03852642664084316,0.9485558806731094,1.2149639547987428,0.03409439709822356,0.000744267087294254,0.0024516999336386576,1.735886664923493e-05,0.9614735733591568,1.2891977068382028e-09,9.204563990412532e-15,8.06978914637197e-05,0.0011114640135408739,2.4424906541753444e-15,-6.337882355292952e-16,-4.630973407892912e-15,6.661338147750939e-16
846.5027288576555,0.15127167510619965,0.5465394515757963,1.886146840794253,1.284274776762178,0.17444844715833852,0.9545130937640833,1.8551109517352078,0.1553496799349004,0.0031368927711128425,0.011238324952023301,0.00024559651567629783,0.8255515528416615,3.946396976393882e-07,2.2626158914102146e-11,0.0008587246858350391,0.0035851393643949563,3.2862601528904634e-14,-1.5755475000967829e-13,2.93296306607773e-14,0.0
759.5943110596359,0.5367402737804213,0.4154096064472985,1.1398523852589897,1.7828982149073573,0.04080210217740032,0.9686286480945425,0.7329069572810168,0.03687238359149186,0.0004722898021705778,0.002653047523237628,1.0734245971323172e-05,0.9591978978225997,2.7889323442652484e-09,3.3377142692619934e-14,4.6851865034512495e-05,0.0007402547549226634,3.2862601528904634e-14,8.777447987280172e-15,-7.589494915652238e-14,4.440892098500626e-16
829.428810183277,0.3951037969379464,0.6765787844734256,4.821080598368171,3.147265916681504,0.12744704656173067,0.9528995655712384,1.5958906553185104,0.11330218081684748,0.002264178966915129,0.008187649114949902,0.00011948596484930558,0.8725529534382693,2.6383206609281986e-07,1.8803147601475697e-11,0.000540556825047453,0.003013574085923657,1.1457501614131615e-13,-7.171122330093805e-13,1.7892213867051313e-13,4.440892098500626e-16
966.6811049897653,0.45122265555293584,0.05337011940816019,1.1487731064638722,1.5392345299150854,0.9259092699050561,0.7993253763001049,5.472607970765281,0.690483647033817,0.07149989153701417,0.058855385691631075,0.017758228059562658,0.07409073009494398,9.476444646233759e-05,1.106524889174855e-08,0.007584729616966885,0.07964455440753929,1.0147438445073931e-13,-4.041116931761157e-13,5.608224721274845e-14,-1.1102230246251565e-16
858.4268107820906,0.08009879118201564,0.5394322914214033,3.607198194355577,1.5347828737684064,0.1136537894515478,0.9522264342461194,1.6371411788243022,0.10096841032285522,0.0020942253364945413,0.007285787839774054,0.00012155564380477288,0.8863462105484522,9.53117189851761e-08,3.7293747805087416e-12,0.0004494646276144812,0.002704792043420871,3.26405569239796e-14,-1.9287428858787977e-13,5.166401461895633e-14,-1.1102230246251565e-16
854.1829142504554,0.16040961399648898,0.4172878681969888,2.2325079810389177,1.769737894036143,0.1623045925574178,0.9505254005998277,1.7781172872652717,0.14393151614631555,0.0031525074697034395,0.010410280242320165,0.00021203899984216778,0.8376954074425822,2.617678696691271e-07,1.1622708478013619e-11,0.0008412990470566263,0.003723906461425625,-1.0802470029602773e-13,5.910742137639524e-13,-1.613079685933313e-13,4.440892098500626e-16
764.9118786304989,1.4745637055894665,0.03945750414755322,2.811273892507545,2.9334770619371144,0.056902272765341766,0.9488981110313982,0.7311376469188448,0.05037447810859714,0.0010333810878760154,0.0036361734991725236,1.4531854511679191e-05,0.9430977272346582,2.6817889253578906e-09,1.1893883739791274e-14,0.00014732960593824253,0.0016926559817332998,-4.440892098500626e-16,-5.793990007013513e-16,8.849948852401688e-15,-2.220446049250313e-16
779.462136954735,0.0655123742727722,0.11983179371023897,1.4848188881124997,0.9056487400309347,0.011843376025950536,0.9584830253681658,0.6129525675590164,0.010590618130816644,0.00017965640405145946,0.0007610896357675344,1.3963039056067794e-06,0.9881566239740495,1.4120808437766828e-11,1.5240117427653178e-17,8.036014435923964e-06,0.00029552036105604424,4.440892098500626e-16,5.551082187468705e-16,-1.1101176399014744e-15,8.881784197001252e-16
955.0021869498473,0.03779773744142248,0.19744952292055215,4.92013208636685,2.8584331257137365,0.2577081575487268,0.9206505726056936,2.572896847500006,0.2213524627049847,0.008439852227781278,0.016105643020831374,0.0007152276066460692,0.7422918424512732,7.019148827345464e-07,2.8436777947812124e-11,0.00298183110265368,0.008014967601774402,5.81756864903582e-14,-1.2737514540095557e-13,-1.0409106664273838e-13,0.0
785.8801623577086,0.02860981637377943,0.42955404874938463,3.3857542088499732,3.09760572439043,0.0027865677787727305,0.9618730988774485,0.6965217503022532,0.0025006260690513234,3.8600985783647043e-05,0.00017963700141612662,7.500909632658923e-08,0.9972134322212273,4.3289370126537086e-13,3.225889423209041e-19,9.166067318380581e-07,6.0123628837455544e-05,4.884981308350689e-15,2.031079867655679e-15,-9.60030301329526e-15,8.881784197001252e-16
938.8518689401657,0.9464191805264243,0.20554163386356225,2.0492448252553297,2.3653427127322932,0.8833998334643657,0.8003798113083805,5.163613182319447,0.659651877874119,0.07484542921379823,0.0546253301884422,0.012366871580492904,0.11660016653563432,0.00034653846817405917,1.6178534666173533e-07,0.009648846714054355,0.07203004232076367,1.412203687323199e-13,-6.308487625502606e-13,1.5775599921084242e-13,8.881784197001252e-16
751.8808669516021,1.082900577569915,0.4316262585667542,4.782601749385495,3.6917212829879054,0.03258233269616628,0.9607174723275287,0.6581488863263267,0.02920379072736396,0.00045363199319262647,0.0021030967121855515,5.648722665513003e-06,0.9674176673038337,3.481937425682165e-09,8.188905169534308e-14,4.002476890844832e-05,0.0007731190638587804,-3.885780586188048e-15,-4.774568468041746e-16,8.321410955008714e-15,4.440892098500626e-16
919.1917927162615,0.3904526744880374,0.35848252281571896,4.507781373086738,0.7424876840251555,0.8026290305961921,0.7916400580247089,4.673694090385269,0.5927942608475117,0.07999509117289044,0.04725052818114852,0.0065428655679096275,0.197370969403808,0.0005544747129256167,4.7513296045946724e-07,0.0149793490363395,0.06069630185781619,5.258016244624741e-13,-2.261687140795692e-12,3.9260763793555894e-13,-1.1102230246251565e-16
981.4011485565778,0.48903900026512054,0.5893857579330798,1.0239348717915535,2.172965463258144,0.949809606410446,0.8042567620268722,6.280674860968602,0.712676836173834,0.06079950126475787,0.06297954920670115,0.033931959979401634,0.05019039358955401,0.0009952128116457789,1.1326674029511567e-06,0.00598235803893425,0.072823300698494,-1.795230630818878e-13,7.871198879220819e-13,-1.266205768871054e-13,4.440892098500626e-16
952.4351191115903,0.30237879500945125,0.5453547268178892,4.045523500114125,1.8516430783337368,0.8249926517148252,0.8312784525147313,5.277566478262911,0.6398202308314193,0.058564539601768606,0.051261495579027004,0.010839648692009039,0.1750073482851749,0.0005532674100289276,5.240408089378735e-07,0.011963957236237001,0.052076235987881365,1.6586731987899839e-13,-7.932827673240685e-13,1.5696778625091948e-13,4.440892098500626e-16
960.3761104974774,0.14240432927735017,0.0010448188373165658,2.0674960502772697,2.579733601790076,0.6177022660999799,0.8890039784584017,4.051007163383995,0.5123234840548657,0.030086702923124087,0.038499132020648634,0.00325823713328163,0.3822977339000201,1.449257294634941e-07,1.1312502851920976e-13,0.009737702375987943,0.02371148744698826,-2.0095036745715333e-14,7.841017862018498e-14,-2.026691833787581e-14,6.661338147750939e-16
978.1936478494099,0.039413221965207634,0.5908981571317591,3.005742815970796,1.5566863144306624,0.615402883484931,0.9065705163884208,4.6456279383990635,0.5205020953186851,0.023496149768116956,0.03922596058840411,0.006149023263548121,0.38459711651506895,5.33828303369107e-05,1.8067481153951137e-08,0.007820156412924776,0.017949241668803677,2.9976021664879227e-13,-7.103098971978111e-13,-9.354045033766197e-14,8.881784197001252e-16
991.942781718033,0.12995440078332374,0.4474699571882832,4.318060289999389,3.530344610253367,0.7616123961676331,0.8647256996999187,5.2212330080457825,0.6144318714596204,0.04206503293925103,0.04791302483797103,0.010048450514599145,0.2383876038323669,0.00019058597382063747,9.662904290494735e-08,0.011648987846245237,0.035175014536424534,2.1516122217235534e-13,-1.0336280551579923e-12,2.2147945908306737e-13,4.440892098500626e-16
870.3766655473655,0.027697259012143587,0.02593837719529613,1.7488940194146343,3.2246326243248107,0.01919587080322316,0.941255727056159,1.0098851384563345,0.01685686522387679,0.00042333850391600993,0.001210539335283116,4.966189900688549e-06,0.9808041291967768,1.103216350858564e-11,3.181008580152889e-18,3.554487686801734e-05,0.0006309872371472937,1.3655743202889425e-13,-5.329136906623866e-13,1.0096918099003114e-14,6.661338147750939e-16
807.6684471269024,0.1807176601965251,0.422061970977991,4.21237337554575,2.890138041578085,0.034294838625037016,0.9574308970613188,0.951241311898757,0.030633566801446303,0.0005339096082608916,0.0022041225157342905,1.0030442462432597e-05,0.965705161374963,1.7979857565141776e-09,2.1379649536339044e-14,4.705295368441401e-05,0.0008567139106260198,-4.440892098500626e-15,-2.2776935419960203e-15,9.770719259605933e-15,4.440892098500626e-16
934.2766369661629,0.4133777565957926,0.2154831355526361,2.460943942319021,1.5458059795705608,0.819668763400422,0.8382155544449484,4.916352749446678,0.6409962150672951,0.05711202522889924,0.05078324278811865,0.008051987268859978,0.18033123659957795,0.00019625954612063592,7.129246200905966e-08,0.010759130783281362,0.051783287400611513,-5.040412531798211e-14,2.106983018705366e-13,-4.0436082818653305e-14,-1.1102230246251565e-16
893.5143250354256,0.022355929545738732,0.36682683581991576,4.79373850382065,2.6171997574220125,0.04832183277710567,0.9457643989948314,1.4371567471451154,0.04263710653497785,0.0009980245391883605,0.0030662022025752913,2.9673348565092627e-05,0.9516781672228943,3.0041360441368217e-09,3.076726738155041e-14,0.00013083739673890908,0.0014197019759967014,5.773159728050814e-15,1.4752592071359503e-15,-1.7950856000518517e-14,4.440892098500626e-16
811.8314610548656,0.02033600282255426,0.3955261476580401,2.2371395206197136,2.145598313747086,0.005832875425318851,0.9606452116847802,0.8332951437938546,0.0052276570410041134,8.498196504851474e-05,0.0003754223198555483,3.9035528335876626e-07,0.9941671245746811,3.180225601356275e-12,3.4985414465487334e-18,3.537594133711632e-06,0.0001276177080354168,2.220446049250313e-16,-7.279756684586051e-16,1.513485896264993e-15,6.661338147750939e-16
905.8483918859556,0.5509179838248439,0.612554036197428,3.1728420885243525,1.8107219951252556,0.7315001303973876,0.8745941088149818,4.6846513279874165,0.5968735310293718,0.03876239629421924,0.0459371165852215,0.005439350407350634,0.2684998696026124,0.0002665134036655858,1.9416921828347995e-07,0.010058431387064014,0.03413505839957013,1.3375967000683886e-12,-6.614659658524085e-12,1.3188637731506427e-12,1.1102230246251565e-15
773.114675603325,0.0835286605419353,0.03380847130240498,3.8764542090164396,1.2574362103420909,0.008363888770398509,0.9495086843074765,0.5442774301168092,0.0074091528503257955,0.00015116773843445132,0.0005326890486605018,7.176718810988001e-07,0.9916361112296015,2.486490594490086e-12,1.0563503880863274e-18,4.589889071566697e-06,0.00026193063230220724,0.0,-2.90593230242138e-16,2.336249129091103e-15,0.0
864.8396499070618,0.029711256959544286,0.48267621612800743,1.1979042915035878,3.5221903693944205,0.024670463734082215,0.9590221206371542,1.2395472519104,0.022073301850025956,0.00040560061944642676,0.0015833679782600195,8.235409451576167e-06,0.9753295362659178,2.727225164715318e-10,1.1465923708096534e-15,4.5466148793674825e-05,0.0005053441791220054,7.105427357601002e-15,-5.3678129941251535e-15,-8.681518961522609e-15,6.661338147750939e-16
847.6683706698235,1.4137484129385445,0.21328789089149236,1.6646111982100522,0.5035361504258394,0.7492839395651246,0.8508293160446369,4.1378423699432,0.5947716148691184,0.05249385100831843,0.04576702968846224,0.0028931008571832202,0.2507160604348754,0.00015327402331739048,5.410158745997918e-08,0.009900703747717949,0.043339352574705066,-3.3861802251067274e-14,1.4608839328124665e-13,-3.0093464026849344e-14,6.661338147750939e-16
812.4645803020039,0.03080840978557857,0.5492395440654348,1.7973196343916285,2.6286855954623785,0.008315898442602387,0.9648243700627176,0.9054502477076133,0.007485465378737203,0.00011004993264935766,0.0005374915857176063,7.887212850322434e-07,0.9916841015573976,1.1427474512719423e-11,2.1145072547669742e-17,5.619523607915054e-06,0.00016045621249809942,1.3100631690576847e-14,6.122598470494361e-15,-2.627901023513535e-14,0.0
863.0118199845004,0.03520296312708523,0.2555941633398523,3.3821564551158785,1.3735088242722349,0.055903526908121726,0.9473663218791508,1.2574966038853552,0.049410416464401814,0.0011110036062684683,0.003556342049970881,3.3438124555199346e-05,0.9440964730918783,4.105696873690541e-09,3.832508294670913e-14,0.00015073286257134968,0.0016150108617358312,3.441691376337985e-14,-1.5059456485349833e-13,3.3439768610214485e-14,6.661338147750939e-16
821.4392261095804,0.47307326692009594,0.4617764690105647,4.080563302729326,1.6655621456989944,0.18093696901636314,0.9449979676008309,1.7045563737046256,0.15952161946232285,0.003791626935865222,0.011569367737468849,0.0001851420845127163,0.8190630309836369,8.306830748173795e-07,7.208124309246539e-11,0.0011856733898683942,0.004663665822043247,6.927791673660977e-14,-3.5743544308899654e-13,8.383053817447045e-14,4.440892098500626e-16
873.8273814411903,0.1527070597695955,0.27818388307311925,4.4607986773240125,0.8722722914393245,0.33366811522490314,0.9208431390944233,2.5633376257684204,0.28665645738657386,0.010837170603056728,0.02098621473613143,0.0006680595629519008,0.6663318847750969,4.7684652651103776e-06,5.078708420041034e-10,0.004383571001248512,0.010090798905749942,-1.014743844507393e-12,4.5830091116227105e-12,-1.026455182190544e-12,6.661338147750939e-16
875.0035715118618,0.4653246009056919,0.246758264989634,3.413784117252581,2.9169481574246223,0.352724296990668,0.9231129408881728,2.6431548008760974,0.30377468582992634,0.011187732340829913,0.022255124734258606,0.0007309956722692233,0.647275703009332,4.6635605293565915e-06,4.436115815512995e-10,0.004452933923379471,0.010275969286954916,-8.115730310009894e-14,3.401072288426269e-13,-6.09183033717334e-14,-1.1102230246251565e-16
763.3193467317387,0.1263217567440724,0.08672909276534058,2.290176338143181,1.6838114602217282,0.008350109830161268,0.9574109644975927,0.51670781738884,0.007458507816910116,0.0001279950627315855,0.0005361166272726868,6.639696132126429e-07,0.9916498901698387,4.806738168691255e-12,3.985613006552653e-18,3.979697790036292e-06,0.0002188630281062061,-9.992007221626409e-16,0.0,9.969872790685533e-15,4.440892098500626e-16
943.2143718094233,0.5635754403069245,0.2082563487636274,4.185272846116376,3.3666298170476905,0.7683316379625119,0.8338333163107166,4.675123346556887,0.5977083526371999,0.057967225017803305,0.046580156386871706,0.0059996743936369615,0.23166836203748806,0.0001700895862766171,5.985143412748233e-08,0.014229018526983751,0.04566415057373376,-6.428191312579656e-14,2.558980977461604e-13,-3.768728271528337e-14,0.0
780.5828953970065,0.6163996741457294,0.015752343652207203,2.364068788196305,0.6140690846956327,0.11569276854452537,0.9408119323128066,1.0547203573644675,0.10154777110132275,0.0025180563898773403,0.007354477874943987,4.759027315611737e-05,0.8843072314554746,1.052479859112725e-08,3.157754079766667e-14,0.0006276383713471397,0.00359169511167161,-5.551115123125783e-16,6.896949869048095e-15,-1.7417661387184792e-14,4.440892098500626e-16
959.9520536853236,0.4012488664075277,0.16875352669921637,3.122583180258634,0.7514728711874279,0.9129661388618759,0.6978642705519903,5.078076073207339,0.5944112200603658,0.1266220610591189,0.0534858133727665,0.01768495520326916,0.08703386113812411,0.0007045901267198074,4.759876431186941e-07,0.011431660445110944,0.10897578567603787,1.6764367671839864e-13,-7.605200168272169e-13,2.2308719435779926e-13,2.220446049250313e-16
997.861502787919,0.08987647837083364,0.13616937014849323,1.477313992187613,0.5186785379842828,0.9378713497998167,0.7884589262504063,5.794540053868443,0.6898961287628206,0.07351025550553013,0.0601314609686515,0.02540889125930198,0.062128650200183315,0.00026934883912959777,8.199877542920517e-08,0.008055537356974986,0.08067217874288021,1.0791367799356522e-13,-3.7084388385648613e-13,-4.762513889021494e-14,-2.220446049250313e-16
947.4987821648573,0.056331829730328194,0.03814196104756009,3.6420981256143325,1.6946554958591984,0.38569021543493887,0.9056659730927697,2.983287472439477,0.32588775094478345,0.015580804328082383,0.0239351587295441,0.0011800672521842383,0.6143097845650611,8.292674771954919e-07,1.2482006839966406e-11,0.006215336204105345,0.012809960023017304,1.9815260543509794e-12,-7.999842579969811e-12,1.8077140282982333e-12,4.440892098500626e-16
986.6999182437422,0.18942853569757953,0.6658134894377473,4.8052862395425855,2.906954029787739,0.8341850172191992,0.8361781360041565,5.674432422574332,0.6507625577185445,0.0547028053068307,0.05249665840794743,0.014680256568544393,0.16581498278080073,0.0006056083075060148,6.385923988545638e-07,0.011922950413087748,0.04902903110192856,-4.3076653355456074e-14,2.2337577022480486e-13,-4.5953258276810575e-14,4.440892098500626e-16
921.8277968124825,0.6233355236635586,0.5251076568416367,1.0125322984782583,1.9312955689164213,0.8498255733193045,0.8710998414384156,5.354930395131774,0.6906517159468674,0.03991895007015459,0.05510384232636021,0.012086673963608104,0.15017442668069553,0.00031047020286234284,1.9935601953147163e-07,0.005807808790215245,0.04596868747909452,-1.5187850976872141e-13,1.2544274492606717e-13,1.9063349806440624e-13,6.661338147750939e-16
924.6683085677336,0.027082134615989826,0.07845562193527918,4.593645242780071,1.223415615628073,0.18225238486372242,0.921502992742392,2.0072393443750736,0.15668641159942465,0.005699500850729589,0.01135952389165066,0.0003042248082107977,0.8177476151362776,9.959118908268228e-08,1.2303904522150702e-12,0.0016967860010005662,0.006448262800127549,-2.0095036745715333e-13,8.246475535554339e-13,-1.8969244864156504e-13,-1.1102230246251565e-16
834.4546929802488,0.08700254147837362,0.3557158092520249,4.864624879200452,2.468535684266309,0.0388637249022904,0.9516269113267589,1.083463683574767,0.034504242938153684,0.0006926241242388441,0.0024828844100655413,1.4573016111053727e-05,0.9611362750977096,2.130912143624277e-09,2.294121365782178e-14,6.880484007409654e-05,0.0010864274624237487,-4.884981308350689e-15,-2.3478814998806315e-15,1.3649940588513485e-14,8.881784197001252e-16
888.0771509622745,0.3127867738746149,0.658098602210445,1.0524278244923588,2.0613167484753694,0.5113782958916613,0.9354799795107671,3.7044227783814567,0.4463115783798705,0.013317264425288602,0.03304715741953475,0.0025345031356541012,0.4886217041083388,2.235429306670213e-05,5.412557852639237e-09,0.00407252980265936,0.011976419234095353,-2.1338486533295509e-13,8.685716541232302e-13,-1.1683633731569896e-13,2.220446049250313e-16
861.7513678897764,0.3706710289963736,0.43515865451754665,3.2576920706370567,0.7780513773620809,0.5070680208504204,0.9102263932373992,3.356524895188117,0.430602959841102,0.019437992101787965,0.03192315787840706,0.0014228838401516054,0.49293197914957965,3.854503669727794e-05,1.122485731628077e-08,0.00742553354951859,0.01616342020220436,-1.5476508963274682e-13,7.146945349130898e-13,-1.4367833827903617e-13,-2.220446049250313e-16
878.9619648785076,0.5030428276507373,0.34203549998464594,1.0365469652669672,0.955090351369706,0.6983835750760135,0.9043907943174055,4.298827496350026,0.5892661777236173,0.027060717716254627,0.04473125649637982,0.0038906131669280432,0.3016164249239865,7.132724688346515e-05,1.9833163721458058e-08,0.006133255635694457,0.027187330809157053,4.618527782440651e-13,-2.1223774709658804e-12,4.558243187183733e-13,-5.551115123125783e-16
938.3459050307587,0.13904129059686213,0.3701852602292869,3.15656391853616,3.2121970528852626,0.4778497482809745,0.917018074917247,3.6153889185916808,0.4088185768457325,0.01668083965614949,0.030241508598420334,0.002349549777427577,0.5221502517190255,1.409379272396537e-05,2.2690208982401463e-09,0.006336381063651558,0.013297492925537904,1.0524914273446484e-13,-5.279382030715003e-13,1.3134372311513791e-13,4.440892098500626e-16
820.0391058103161,0.5156720935199745,0.2864207072655868,4.561460981256692,0.5597002364763048,0.31228833400887457,0.9177763572100538,2.1981931029256647,0.2673954364576574,0.010416327836819946,0.019582712852104885,0.0003529011706156532,0.6877116659911254,6.474420005813629e-06,9.521015988937813e-10,0.004559726691691411,0.009950641124268291,2.220446049250313e-15,-6.56286333905358e-14,5.143756316968288e-14,4.440892098500626e-16
876.7349139660212,1.2971610050947033,0.3389520935694376,3.205974049143584,2.7896884434733367,0.6211505679870893,0.8845561448355624,3.8530040213799333,0.5126059643387565,0.03201167546813007,0.0385193153936131,0.0021931543568146222,0.37884943201291066,8.635806536345132e-05,3.068816395145744e-08,0.010427867945622471,0.02526761790571708,7.860379014346108e-14,-3.976639288005257e-13,1.065546917464234e-13,4.440892098500626e-16
899.2451671921301,0.14699257442444086,0.5619586224810018,1.8906590907930836,3.568408060547328,0.2574631981595039,0.9466071039824061,2.539357682120814,0.22737686988892633,0.005693456781698808,0.016511547689855324,0.0006910268497483034,0.7425368018404961,1.2954978756239437e-06,1.0779899773376423e-10,0.0018540863026851784,0.005255267679923553,-7.460698725481052e-14,3.328976310634529e-13,-5.835171814226516e-14,-2.220446049250313e-16
769.0282300374539,0.1324459814807525,0.011029071502328892,3.339900267012194,2.399277833684013,0.006833060270820757,0.9508045356735363,0.5138886855716546,0.006061329045508811,0.00012028659640627004,0.0004357397269544817,5.034502581393998e-07,0.9931669397291792,4.2851520757737693e-13,5.0102749966994413e-20,3.161727640546755e-06,0.0002085468577022103,-8.881784197001252e-16,5.885076018266222e-16,4.711532011906869e-15,-2.220446049250313e-16
958.000282266324,0.05424348986973922,0.0032857256016625793,2.577632929694346,2.8138330239839604,0.31110230360236246,0.9131285043340014,2.678487554507258,0.26503088785220985,0.011515724599952112,0.01933833963855966,0.0008440467513134227,0.6888976963976375,2.3896472276030845e-08,2.0526550678440584e-14,0.004280090396365694,0.00998611329573289,-8.212319713152283e-13,3.2671127702651804e-12,-6.00654544444033e-13,0.0
764.3008926979921,0.13987329666529558,0.22296131664898988,1.6582603959937108,1.216027319555344,0.014297779874010375,0.9632191793823227,0.5839808431784062,0.012848578805972222,0.0001914163790178101,0.0009235814749144523,1.7396230289491406e-06,0.9857022201259896,5.167546663761601e-11,1.3443975953104577e-16,8.907841930308822e-06,0.00031827904965359697,-7.216449660063518e-15,-2.7655496189236066e-15,3.4903373894896445e-14,8.881784197001252e-16
852.8973405749208,0.08872508992544421,0.1521170131200984,1.4725899466644754,3.1559028979921355,0.04621376008141764,0.9504202460299136,1.1158834874226156,0.0409777726962949,0.0008766811065010873,0.002946451733779602,2.2571626301440998e-05,0.9537862399185824,1.100638084294016e-09,4.3666409017785636e-15,0.00010971074994317016,0.0012504206837109658,-3.885780586188048e-15,9.96294579332261e-15,8.089189459709754e-15,4.440892098500626e-16
866.5771403993824,0.05907279248441939,0.26111371253936255,1.7357326319358,0.472475172075381,0.21484187996776727,0.9430854710451597,2.000709685043616,0.18903027355338822,0.004947341502413549,0.013707080196394345,0.000344419695061872,0.7851581200322327,4.4594265231351333e-07,1.697429477837955e-11,0.0015241726059542168,0.005247161993777248,1.2434497875801753e-14,-2.1404121101296623e-13,1.6786756974924209e-13,-1.1102230246251565e-16
793.626217217438,0.07594506094826257,0.31337162446335787,4.367638223997394,0.45877153198133036,0.03753347774744675,0.9540726065152996,0.8566014969373,0.033408855480200304,0.0006263941741010937,0.002405053515785659,1.0862461278093468e-05,0.9624665222525532,2.328968802743663e-09,2.729780105644762e-14,5.9282257218049546e-05,0.001016306703204615,9.769962616701378e-15,4.411813435905532e-15,-3.1413267650658307e-14,6.661338147750939e-16
888.732358288508,0.7065362261971266,0.3092552390995868,4.961566757396197,1.6867224039333177,0.6307243188029212,0.8586488504740379,3.8721198177982328,0.5052618801124942,0.041539560977167836,0.03810022010877415,0.0021906431955060124,0.36927568119707876,0.00012266287522615552,5.105912822761075e-08,0.013942565114679648,0.029538009665700943,4.8405723873656825e-14,-2.2417917634452434e-13,5.484463908122016e-14,1.1102230246251565e-15
822.285618632952,0.6302315211673669,0.4820342743518691,3.6931797727028233,3.6305609264472625,0.1353163442389519,0.9512782350950743,1.512148209671587,0.12009341124672432,0.002483394243652816,0.008684739668676512,0.00011916744202056516,0.8646836557610481,2.567033121621307e-07,1.4963764844225025e-11,0.0006228359199955708,0.0032955689853069563,2.6645352591003757e-14,-1.5524352016034983e-13,4.263748978541986e-14,-4.440892098500626e-16
846.0826870739888,0.48840811133461154,0.6541964820381937,2.194250581802673,2.016642755473238,0.3175178655518168,0.9458602881005644,2.556055633134726,0.280192510848362,0.006866502964520139,0.020440853498700416,0.0006825345362561465,0.6824821344481832,5.260430424536174e-06,8.430819198848184e-10,0.0024686754685708566,0.0068165046401953535,4.758415883543421e-13,-2.447071718595032e-12,4.973811385841673e-13,-8.881784197001252e-16
942.133642452059,0.039660546390144415,0.10333263048445701,1.18080702218166,1.1202638337440214,0.3807052781867527,0.9240938394179388,3.0107029201814783,0.3282209797637087,0.012668418806041916,0.02401585538142059,0.0013103312897439392,0.6192947218132473,1.1329975404575803e-06,3.1384222534632104e-11,0.004481595868252861,0.009882012356580004,1.5210055437364645e-13,-7.038282773140796e-13,3.2023343076170535e-13,2.220446049250313e-16
918.4499707858862,0.07032263307985999,0.14817131776317574,4.814752488811019,2.450668828636429,0.21983411918146767,0.9232722107101369,2.1932954741518884,0.1893591198326051,0.006774221805044987,0.013759480360176267,0.00041971376906029683,0.7801658808185323,3.8444701299358044e-07,1.119952892747196e-11,0.002237006127265416,0.00722859833438157,-5.762057497804562e-14,2.5121986642397563e-13,-6.946684623810815e-14,0.0
815.6567253204071,0.058115683954457036,0.5862865891639188,3.478086167715975,1.721958051207931,0.024853803315026957,0.9619647740456698,1.0129099289758303,0.022305573336245367,0.0003509087757925986,0.001603367785808015,6.104055757439633e-06,0.975146196684973,5.644191177386737e-10,4.7341646819588406e-15,2.6245805923897883e-05,0.0005487876019119998,-6.661338147750939e-15,2.232384388156547e-16,8.9624799950393e-15,0.0
756.3368735249384,1.2727684113297904,0.6249941530976753,2.1017723107572377,1.5651173639804363,0.09597942261450643,0.9651954506954777,1.02144961253501,0.086428059814196,0.0012184723697597432,0.006237226162840253,4.2937047270086e-05,0.9040205773854936,1.1146960028875763e-07,6.386608713405808e-12,0.00024790820735191767,0.0017980418298597675,2.220446049250313e-16,-8.786846480852734e-16,-1.702766496095282e-15,-5.551115123125783e-16
923.0525273448213,0.3747007720557026,0.13183569307048637,1.9183861825772421,1.5167310216185226,0.759719083035966,0.8674163090043151,4.587090307874355,0.6148115014259236,0.043333753672714616,0.04747234880013483,0.00530575610011988,0.24028091696403397,6.336995764078672e-05,1.0450645844173336e-08,0.009713067583256036,0.03898384394929366,6.616929226765933e-14,-3.02444366657148e-13,1.130123952861271e-13,4.440892098500626e-16
783.1023838625781,0.021656548047227345,0.40836490877716963,4.2789056419542,1.055254460437962,0.004662603487602057,0.9601753286003092,0.6842044952745823,0.004176768370890939,6.72775064348389e-05,0.0003000947584280029,2.0076234740769246e-07,0.9953373965123979,2.3729611887071626e-12,3.3614535033964007e-18,1.7839190993916525e-06,0.000110955950027702,1.1102230246251565e-15,-2.050591767582287e-15,-5.2120986954384645e-15,-5.551115123125783e-16
936.0765719103085,0.030487545264703354,0.06407766700819928,1.5206865428194147,1.8779973474271867,0.18103387443911523,0.9306090832356183,2.051712031587697,0.15717682000021888,0.005261686074239489,0.011358356480479778,0.00032891811758443544,0.8189661255608848,4.503137282314956e-08,3.1761049719762496e-13,0.001556540849794409,0.005243241648858306,2.531308496145357e-14,-9.891022472085331e-14,-1.946281475129854e-15,2.220446049250313e-16
862.0876277881532,0.07174761188487512,0.5883958986805659,4.7061566683382985,0.8063528506628568,0.17834051346739854,0.9456564276157797,1.9741813672244861,0.15734203253300721,0.003778507480707542,0.011395946822443045,0.0002674651239156618,0.8216594865326015,6.392679669993064e-07,5.114154670565799e-11,0.001096820170573525,0.004425632903101017,1.709743457922741e-13,-8.194528669265534e-13,1.545289828068494e-13,-6.661338147750939e-16
848.5361620053641,0.8137647803448859,0.492963714686261,4.949648517546406,2.702031791300058,0.3367341361249345,0.9248015500424271,2.555392959379109,0.29053406354144423,0.010272193379381562,0.021275902962992633,0.0006032093808242588,0.6632658638750655,1.0081566641670508e-05,2.1219506532648053e-09,0.00431891230732798,0.009677150362673968,-1.587618925213974e-14,4.274961361801874e-14,2.1588183317457194e-15,4.440892098500626e-16
956.0179207359472,0.024162598543477583,0.1258757772685646,4.156985150833096,1.1015277550140468,0.3471408366529002,0.9121130439384706,2.92100729210128,0.29540356822266706,0.012921723948535113,0.021626911640775057,0.0011556620776948924,0.6528591633470998,1.5272932486253983e-06,5.99049507329195e-11,0.005045916470236517,0.010887216206727971,3.041566998263079e-12,-1.2788788016631166e-11,2.8868218070381937e-12,4.440892098500626e-16
753.8196206497155,0.03672444295635251,0.3844125456282779,1.860580497802521,0.5519491919102293,0.00523042554829678,0.967106657730618,0.5317852494007976,0.004719247584324175,6.273103153408114e-05,0.0003390574738426601,2.4249237305606763e-07,0.9947695744517032,2.7421149490351337e-12,3.50725411025747e-18,1.7321124661069998e-06,0.00010304086897472551,-2.731148640577885e-14,-1.2194732532063611e-15,6.471204398090859e-14,4.440892098500626e-16
982.9282083628912,0.4255282991706733,0.6358367123314966,1.0229046454652577,1.31781934585723,0.9639218956414426,0.7782146038525605,6.404972222369411,0.6998461639412145,0.0685694726593115,0.06444901954784593,0.041025478222082246,0.036078104358557385,0.001423879034806442,2.0083209379836512e-06,0.006041528386211157,0.08320903946175848,-2.2493118478905672e-13,9.768983456376198e-13,-1.5544769180678633e-13,4.440892098500626e-16
993.8343273150912,0.3523893187589364,0.3181826496570292,3.115324279279843,3.428575754279038,0.8986893574493916,0.7961698918054482,5.673428499496327,0.6675391069404597,0.07344619827548453,0.05629172777081694,0.019570714436568177,0.10131064255060837,0.0005545798320731614,3.894484170900689e-07,0.010777544972346374,0.07065622742647758,-4.4853010194856324e-14,2.0738672674159883e-13,-4.7243603201885085e-14,0.0
888.2073723009345,0.09251848663688962,0.1753938319884873,1.429083899186134,2.6071712085683387,0.14137744074803615,0.9436738246463157,1.7249376925165603,0.12446962729284296,0.0032186973848197208,0.008984684356996208,0.00018311806427337015,0.8586225592519638,5.4472746988531216e-08,7.890216548854119e-13,0.0008069509783573471,0.0036566972079216057,6.217248937900877e-14,-2.2496037919483892e-13,-7.584496359455939e-15,-1.1102230246251565e-16
762.2603917437083,0.1427300846781652,0.11720043301393415,2.4915365647226513,2.2582059653154976,0.0074915054298207995,0.9585010252435698,0.5160179630979558,0.006699201563921637,0.00011182541118155046,0.0004815161016023587,5.237548250715776e-07,0.9925084945701792,4.536551236766467e-12,4.551622367464344e-18,3.2147935331925906e-06,0.00019138470069025314,-6.661338147750939e-16,4.1690338323873063e-16,1.41880222408132e-15,-1.1102230246251565e-16
795.2516140764978,0.17911888568019155,0.6795829663971295,3.8253858798211544,1.297848962631352,0.05267722814851317,0.9625796535468927,1.057624220149739,0.047306515134729436,0.0007264102911540101,0.0034058833807613193,2.0953532479575912e-05,0.9473227718514868,1.1321391977915753e-08,3.0190621670639285e-13,8.850380633671169e-05,0.0011198097265137125,-4.9182879990894435e-14,-1.9334679438445788e-14,7.497169901315003e-14,6.661338147750939e-16
864.1178018536679,0.5807336381997159,0.3525464520708707,4.686939364438376,0.8985703371520762,0.5568854869273581,0.8783752748730472,3.4813465788171114,0.45635978497428836,0.0307798678037612,0.03405878959881558,0.0013981548598232191,0.44311451307264194,7.840553297031767e-05,2.9938171325483625e-08,0.011656687527139192,0.022514512830025854,7.149836278586008e-14,-3.507213411279896e-13,8.527724365298264e-14,0.0
951.5496683021248,0.21914165375124126,0.009345451442730007,4.167318000805332,2.3006461295764886,0.6741697642486956,0.8554806488557329,4.184982641623136,0.5380725361540502,0.0445639297115273,0.04087240928191525,0.0034413117495031035,0.32583023575130443,3.606176130094522e-06,4.1812628117228076e-11,0.014362056757858684,0.03280159845444647,-1.509903313490213e-14,5.7874755191771e-14,-1.2232732926729087e-14,4.440892098500626e-16
838.8014924551053,1.315943394713977,0.37609814476588904,3.4531532519123824,3.0860206737692955,0.35249076595750595,0.926247919961035,2.525113509701241,0.30460452786680764,0.010622073942886478,0.02231841047311735,0.0005711272799863874,0.647509234042494,8.763626102609522e-06,1.4674342494659065e-09,0.0043849952509561144,0.009946429261931622,6.8833827526759706e-15,-1.3465522090051856e-15,-1.8569455787485422e-14,-5.551115123125783e-16
786.9821442717171,1.1078270348653827,0.4676106045986719,1.1098638368425482,0.9380754791543635,0.24919817886208762,0.954837070619989,1.8475393644644102,0.2219910679291716,0.004384205249240566,0.016131316898615845,0.0002486200555854429,0.7508018211379124,1.7951135164964355e-06,1.7171884729394981e-10,0.0014572088366851278,0.004966102974380623,5.551115123125783e-15,1.1746778754668772e-14,-1.8633653363588062e-14,-4.440892098500626e-16
872.4613630820833,0.023243366141349933,0.2119910198614988,1.2664803697320375,2.7564399837844946,0.024498451914525488,0.950757862361775,1.1399872850251322,0.02173051063610644,0.0004714545609150882,0.0015592959244856105,8.057804713579065e-06,0.9755015480854745,1.416700497983831e-10,3.1172603646925754e-16,5.09062193681073e-05,0.0006309609930834484,5.995204332975845e-15,2.3834133237984264e-15,-3.137571301503297e-14,-6.661338147750939e-16
927.2700018114372,0.10860494473742775,0.02167488500234905,1.2351199488529911,2.983671460946238,0.28852910653320996,0.9265851356378099,2.4678939133348763,0.24942289999806214,0.009064337402752287,0.018148603164566426,0.0006361123190357131,0.71147089346679,9.702538846462325e-08,4.331963779108486e-13,0.003119219971848731,0.00804239543020218,1.2523315717771766e-13,-4.921844909481243e-13,2.148089173323126e-14,8.881784197001252e-16
830.6809253664264,0.10078101170250778,0.2300083836764381,2.752747674928518,3.758536342271031,0.026353960373405982,0.9533358074984541,0.955217727440464,0.02343975989408755,0.0004549315904641541,0.0016852055513805956,7.382451992346644e-06,0.973646039626594,3.1814547535964297e-10,1.2938019616533458e-15,3.6177367633307554e-05,0.0007146982072587803,1.5543122344752192e-15,0.0,-3.470153197700108e-15,2.220446049250313e-16
926.5731922721559,0.24770929468347372,0.5107105299267591,3.138291178180542,1.573443758262303,0.7144797709651574,0.8820690890046441,4.685907110535763,0.5879682902350066,0.03504846300567045,0.04506094895750594,0.005764653304722924,0.2855202290348426,0.00016728235019848047,8.771727960643112e-08,0.009768904400747047,0.030625636066864543,4.3298697960381105e-14,-2.1383362819816965e-13,4.5713384058563214e-14,4.440892098500626e-16
979.4229127463989,0.09732022285331587,0.28222338074653525,2.0139894438015666,3.4758660613479333,0.6310587476104368,0.9009853568777825,4.466825837007077,0.5304554166696321,0.026158239329910033,0.04000462442567049,0.005545296142584303,0.3689412523895632,2.8986947941561913e-05,5.0413588684838956e-09,0.008203480345481696,0.020497022140331174,1.709743457922741e-14,-5.55259079414398e-14,-9.66277651118486e-15,-9.992007221626409e-16
822.7561035766307,0.09586897254512594,0.5944470075553907,1.7858610412058173,2.416708382899152,0.038366147541031737,0.9644898255620733,1.1186720009656954,0.03452289503042039,0.0005215077821339389,0.0024815477771404633,1.5220614915108258e-05,0.9616338524589683,1.871939803213484e-09,1.9724632162625704e-14,5.511542157136482e-05,0.0007496737596111116,8.881784197001252e-16,1.5573374041540398e-15,-1.4545922700122928e-15,6.661338147750939e-16
784.4309713584553,0.8011893874285144,0.25906685314654193,3.7667690326137264,1.7297610233182448,0.09749701123784349,0.9490085837255998,1.066789071389213,0.08632226114048411,0.001805050170704179,0.006240565507873607,4.541473902731388e-05,0.9025029887621565,7.916365700126149e-08,2.8016028526702155e-12,0.0003898600100679183,0.0026868182273698804,0.0,-2.199470080600122e-15,1.92557519038614e-15,0.0
874.8424254879709,0.899432442909223,0.6624032472430915,1.5058429812667826,1.6713958132834965,0.7064943395637806,0.9031363075336446,4.486054104035656,0.5952828258320707,0.027250934654792294,0.045335639498703804,0.0045264614510298375,0.29350566043621945,0.00015910180326765888,9.106869622344027e-08,0.006494264070452996,0.02740085976567959,1.2612133559741778e-13,-6.061573308422832e-13,1.1286386710467462e-13,8.881784197001252e-16
984.8777379341448,0.3848012652008959,0.15447727413603501,4.190271889993262,1.1048827377455648,0.9214717951582736,0.64940488394014,5.076009300216442,0.5582888594823607,0.15325013694862355,0.052218646245507774,0.02084096162177323,0.07852820484172637,0.0008889825078128549,6.881295565061444e-07,0.012719552032480135,0.12372697417254568,-4.5852210917018965e-14,2.0406156092241113e-13,-5.748145285392247e-14,-1.1102230246251565e-16
946.4850368933367,0.03722487077373043,0.08770525525336813,4.437601510536498,1.3539289496366083,0.3390617829404051,0.9096898235695974,2.8082959182955896,0.28776206567848783,0.012901406723879716,0.021067452391634933,0.0009865129165348985,0.6609382170595949,1.1386836261116992e-06,3.3009677128400654e-11,0.005070920224000407,0.011191810210497095,-3.019806626980426e-14,1.2575774754968123e-13,-4.133157486446395e-14,-7.771561172376096e-16
776.8045092194257,0.022122408344753357,0.5835576030412541,4.955317098597912,1.6375457393127766,0.002959697783644022,0.9629300810468826,0.69485596502335,0.0026589090713815067,3.9722533516189896e-05,0.0001910278115647925,7.336470244924816e-08,0.997040302216356,7.763060415386137e-13,9.458490677486497e-19,8.476347036561041e-07,6.422491358533548e-05,4.6629367034256575e-15,-2.2349431845856404e-16,-7.29469789171735e-15,4.440892098500626e-16
898.7654359418241,1.0648740276547781,0.1887426266053178,2.5885203168292263,1.751638501788485,0.7754834357559572,0.8359444049902022,4.466902874530949,0.604799308148948,0.058938428351265566,0.047061848915757244,0.004653543809160836,0.22451656424404276,0.00016632629889403515,5.60689742439952e-08,0.011918641361798517,0.04796866482726136,-1.0798029137504273e-12,4.702730560485933e-12,-1.0931578230526776e-12,-4.440892098500626e-16
832.6355753727347,0.030598363100866114,0.5776061604271505,4.283392543243892,3.454393095130071,0.011141985658661757,0.9592637851288078,1.042062071603178,0.009971534785832778,0.0001681770642960533,0.0007162642401935442,1.3929109992845235e-06,0.9888580143413382,3.753493664514899e-11,1.2535175849107343e-16,8.885433241943675e-06,0.00025992675166156286,-1.9095836023552692e-14,-9.746365831960397e-15,3.454621776897115e-14,4.440892098500626e-16
974.5374907859531,0.9741582879614257,0.12152428589209592,4.740717735571778,1.500717781114809,0.9253304264571853,0.5431760172024366,4.509153372397752,0.46892004030141027,0.22238301046961328,0.0467041263939682,0.017861438269770658,0.07466957354281462,0.0011563758845857175,1.119711908747331e-06,0.012744508509401026,0.15622557130879328,-5.850875339774575e-14,2.391792665526743e-13,-4.7891235756685576e-14,0.0
855.1504059684617,0.8930695390204558,0.24837040971859936,2.029374424981204,3.9925340694339986,0.3202215247587691,0.9349610070897678,2.413651868053767,0.2793221553165603,0.008474831489744287,0.020400093752739164,0.0005549973096231931,0.6797784752412309,2.651704016118333e-06,1.9705971547076933e-10,0.003137069886216821,0.008294548628095534,-8.6852747216426e-13,3.87700211517262e-12,-8.829379047101585e-13,-3.3306690738754696e-16
973.0729222027071,0.35093213310803456,0.47261650436241465,3.9273090002375985,3.7471961518300785,0.832213789888534,0.8348239227009197,5.404714732508262,0.6481733310198765,0.05649920111773046,0.05203418972068484,0.012449014640176484,0.167786210111466,0.000444531877720696,3.458788097556322e-07,0.011755046797607265,0.05088214416242838,4.283240429003854e-13,-2.1492565519606997e-12,4.831433295844487e-13,-1.1102230246251565e-16
975.7319060796478,0.06320867769138744,0.219110004096835,1.102648477175877,2.8949031861934964,0.5204068124542311,0.9157535105542177,3.899826744928101,0.44461379140435453,0.01925108116065558,0.03295231086440443,0.0034341125289891086,0.47959318754576885,7.164995552670293e-06,6.101604614514806e-10,0.006311324716342581,0.013638492622310164,5.739853037312059e-13,-2.577137425839539e-12,6.350538326225345e-13,8.881784197001252e-16
827.4366798100016,0.42061413959882155,0.4161972702225644,3.6313112024195804,1.1716016079119038,0.23653626551010865,0.9397077733299549,1.968146342980778,0.2073728611479299,0.00556445918448246,0.015085192244281802,0.00029367115853905516,0.7634637344898914,1.972794255927511e-06,2.0819800170169862e-10,0.002002156327233465,0.006192059284660782,2.7977620220553945e-14,-1.7188060474471843e-13,5.289807092039154e-14,-1.1102230246251565e-16
999.705537142455,0.06443869090046656,0.2561652475477526,4.661540437200495,1.6230124535357093,0.7826326296167451,0.8463055180620903,5.147619539717309,0.6179402549580286,0.050802235508654446,0.048527095551329814,0.009935285959990147,0.2173673703832549,0.00015451341096068592,5.389041716209113e-08,0.013519640718873027,0.04165452256316364,5.417888360170764e-14,-2.1118835980772218e-13,1.947386344735922e-14,-2.220446049250313e-16
980.1146606693139,0.1301742729125223,0.18528322313888787,3.3140221694256358,0.8459147983545083,0.8820331721363146,0.7903997970946947,5.339559935933417,0.6504188262527715,0.0786589886146767,0.05411399453316643,0.014895283209304808,0.11796682786368537,0.0003335750774135473,1.440729218834878e-07,0.01209163329672825,0.07160037062555322,7.571721027943568e-14,-2.895940910789918e-13,2.2974969587018262e-14,2.220446049250313e-16
796.8196081846543,0.06747116901226378,0.4586397647482433,3.7316257338303243,2.0222950897786394,0.01352273760853917,0.9612981575567214,0.8123839208218011,0.012127857785777543,0.00019112407305787278,0.0008716227160641436,1.7084127091990854e-06,0.9864772623914608,7.396543112916904e-11,3.175433245403943e-16,9.126975383498098e-06,0.0003132691186539266,-2.2426505097428162e-14,-4.717396074747733e-16,4.56825055813843e-14,4.440892098500626e-16
988.8611297275095,0.5299933690091423,0.2629469313404568,4.527214934695341,3.811655312182138,0.8907451524883765,0.7539993623030591,5.378464019425072,0.6265933922040936,0.09714528234483205,0.05339346688830436,0.0168502221696836,0.10925484751162355,0.000687027327131662,5.294941600130782e-07,0.013698485572852864,0.08263247268453211,2.795541576006144e-13,-5.395340947842199e-13,-4.2597591894608814e-13,0.0
924.8460994097832,0.02591991301352814,0.33401139927472623,3.6128074223582516,1.2417224927555484,0.21143343489412814,0.9352894262138178,2.3167759996832737,0.18449349340710094,0.005583258000490258,0.013374951198800241,0.0004868095050981188,0.7885665651058719,4.7577188818131524e-07,2.2402211094232003e-11,0.001758622928471793,0.005657624625953794,-1.9884094371036554e-13,9.327381370259038e-13,-2.1566428801106808e-13,-2.220446049250313e-16
840.9872690129617,0.23443108380835476,0.43647577543780974,4.766500962214629,2.0739812787417518,0.13657853635049766,0.9458894279562955,1.595776847102462,0.1205269565615734,0.0028002576473699125,0.008718255851548605,0.0001346857019705496,0.8634214636495023,2.4258872865066614e-07,1.310176337937422e-11,0.0007057414848842534,0.0036720984841570187,5.284661597215745e-14,-3.274198464439383e-13,9.737596646541297e-14,-2.220446049250313e-16
878.7683784900594,0.9375721697301377,0.6704209630328503,2.89467425215504,3.1355417692923813,0.5839336028916363,0.9110498272226127,3.9399605197809504,0.49632592702037165,0.02160748682565419,0.03710823496940284,0.002614620149852036,0.4160663971083637,8.296607398247393e-05,3.902561641465888e-08,0.007360681194476021,0.01875508938601934,-5.371258993136507e-13,2.6224601509828354e-12,-4.956623279910878e-13,2.220446049250313e-16
875.8825349638556,1.0272980181911586,0.19981437311436295,4.907030717257596,2.284567042070676,0.5562631027192113,0.8690495802434929,3.4358570738535734,0.45101000124728646,0.033659895551207214,0.03365122147065693,0.0013139171006927588,0.44373689728078874,4.940065214740885e-05,1.1534926126934708e-08,0.012880476003769573,0.023665090412814768,-1.2989609388114332e-14,5.355411027102214e-14,-1.0818516313978018e-14,2.220446049250313e-16
930.6634489111655,0.027313131936049638,0.1009970176003955,2.6575332295879237,2.527455813453106,0.11980184687318163,0.931470748235628,1.775857976240822,0.10411039607503725,0.003281412514472853,0.007507789701228729,0.00016383599185244437,0.8801981531268184,1.8561084350026757e-08,1.41282970196673e-13,0.0007805561684491643,0.003876534363169266,-3.852473895449293e-14,1.4744199410010416e-13,-1.432391647868291e-14,-3.3306690738754696e-16
918.60173928565,0.10634495120842087,0.2934013351060223,3.2432230180802715,1.0163827667047307,0.5337646790398352,0.9063333109317695,3.6970362887084396,0.4513351299311233,0.021305745267877367,0.03357765520480754,0.002364097852680399,0.46623532096016485,2.3648000340948354e-05,4.161503516407156e-09,0.007919887760879245,0.01715742299186854,5.839773109528323e-14,-1.287956461223854e-12,9.8341885359332e-13,1.1102230246251565e-15
972.3671591558259,0.02089609059943701,0.6058469736287416,1.8746414709302344,1.5933856138370268,0.40262627122954364,0.9315297042907426,3.6561677331479596,0.34991308375398633,0.01203716433860792,0.02565265962833354,0.002530335132200242,0.5973737287704564,5.992233995781188e-06,8.825563351231227e-10,0.004298905513698311,0.007970439699338533,1.2434497875801753e-13,-6.850778026661354e-13,1.5611611017026468e-13,0.0
905.3402447646629,1.1384255029965418,0.48493301080848883,2.299100505394093,2.532123813474146,0.7997117184212131,0.8555592780145639,4.887517120450272,0.6383295209260406,0.04863814163879752,0.05015060767788166,0.0071492962276829535,0.20028828157878686,0.0003512839874137353,2.541708085565004e-07,0.009432856876698363,0.04571283950069891,-1.0325074129013956e-14,3.0309811020551e-14,-4.1148174609824536e-16,-1.1102230246251565e-16
793.2494491843862,0.5665150397775024,0.37986985649921595,1.9090250337780938,3.3181417859603206,0.06303066542554236,0.9615452251735587,0.9951536701208963,0.05654353707132944,0.000897844369887516,0.0040730707063677644,2.7543864607115673e-05,0.9369693345744576,1.1857713196358005e-08,2.1444914318874715e-13,0.0001251359706996609,0.0013531714976895873,3.9968028886505635e-15,-3.128365287351261e-14,9.455184229692167e-15,-3.3306690738754696e-16
939.9402246275698,0.8374682215940524,0.6046216308016339,1.6040787547366877,2.9569082345752165,0.8849096261336362,0.8409590888191714,5.636101358721363,0.6942807958587939,0.052040062518544795,0.0570630392159517,0.016348991545946524,0.11509037386636384,0.0006237313905770388,6.098831882440745e-07,0.007056399835224356,0.057656675389763386,3.639311074721263e-13,-1.8693068889564462e-12,3.9449152092262783e-13,4.440892098500626e-16
982.275820805723,1.3302801702047065,0.19844808675007047,1.8507675816029543,2.691671332428642,0.9580064844588455,0.6756405621804239,5.589096142581532,0.6038728828283667,0.12438038450189208,0.05987260478063062,0.03356871694617469,0.04199351554115446,0.0010089714671296414,8.369583343037681e-07,0.00832944448644434,0.12751473705545063,-1.209587985329108e-12,5.342680145613741e-12,-1.2836981813625659e-12,4.440892098500626e-16
871.3843812697331,0.2865666028375957,0.05880084390623754,2.879398171182304,3.666545554516421,0.17078630553761254,0.9315714459652437,1.7101315223518319,0.14843303816704478,0.004563761774119003,0.010759999815565269,0.00019007989236379685,0.8292136944623875,7.353268644672212e-08,7.071095592689588e-13,0.001307297313923447,0.0055028209910880565,2.020605904817785e-14,-8.342399919406231e-14,2.2623380751285343e-14,2.220446049250313e-16
854.6837739711532,1.4770947425683851,0.28033803757265535,3.9524934367104163,2.246462824438389,0.5229518102106788,0.8879375598212006,3.2652840394456186,0.4332169717752435,0.026361979708658733,0.032184474981788454,0.0010834787721925902,0.4770481897893212,4.5735088120972957e-05,1.251436957681607e-08,0.010265006936567308,0.019759273056288287,-3.3306690738754696e-16,1.152503803436235e-15,8.422817530500903e-15,4.440892098500626e-16
768.5133294727957,1.178139000538463,0.6641280780152586,2.9554681633267803,3.0134328196196365,0.07602858651598987,0.964467003474671,1.0075482008306131,0.06841095529885598,0.0009825522042500514,0.004932572458780885,3.1588093983621277e-05,0.9239714134840101,5.332796222701253e-08,2.5811075692909754e-12,0.00016523733372332503,0.0014987993465823846,5.329070518200751e-15,1.2970718862094642e-15,-9.414279329323251e-15,-3.3306690738754696e-16
946.0434163067043,0.03747891176859775,0.10935748131333824,2.5165221458939997,3.3602225618774026,0.17654751914374944,0.9282613688818324,2.1071877521780547,0.15289499206061655,0.005213920179608325,0.011054822528730492,0.00034477884788926456,0.8234524808562506,7.577744403995877e-08,9.425255721086684e-13,0.001535174294224157,0.005398513692935167,2.6423307986078726e-14,-8.735168345509732e-14,-3.360429986028146e-14,-3.3306690738754696e-16
881.9015463443911,0.29252213522084386,0.4539676098158855,3.3090329566619077,3.2575183772916003,0.30073493304784815,0.9364954670428949,2.569366932972669,0.2627549596590154,0.007729533784981501,0.01916427763872335,0.0007091480044406158,0.6992650669521518,3.244865638932659e-06,3.6595524081093043e-10,0.0028349695562020225,0.0074851663526144755,-9.880984919163893e-14,4.4459186845699025e-13,-8.4393438917248e-14,-4.440892098500626e-16
940.608094952734,0.17655761256741062,0.6928196282643669,4.29176200774836,2.0968573459039987,0.6708863722723044,0.8910717446643681,4.709853498689012,0.5577287180583282,0.03006806636201733,0.04243123149564208,0.005708074722387839,0.32911362772769553,0.00015444952723193885,9.2133180870937e-08,0.009686929875648712,0.024973267966783605,2.3225865675158275e-13,-1.1592563670146471e-12,2.229220870613956e-13,-4.440892098500626e-16
884.7984212250233,0.22364370843664325,0.3541998115548607,2.0062648971366466,2.4213706236341372,0.3174872797274557,0.9379106016422756,2.609864172036963,0.2778108090529381,0.008096382755843201,0.02027018595219556,0.0007828376631818056,0.6825127202725443,2.558420061327601e-06,2.1430554897385263e-10,0.002882665148701515,0.007583326663764452,-4.738431869100168e-13,2.1707238224032705e-12,-4.593240601477787e-13,-1.1102230246251565e-16
828.7119038269965,0.1237478267842123,0.24963768159654798,4.030307995382122,1.0381610925351623,0.08820577013446518,0.9462279000668311,1.233309215171036,0.07786711962827238,0.0017639036492546453,0.005620222080024041,5.686867888405281e-05,0.9117942298655348,3.265370869287831e-08,6.832577120953277e-13,0.0003240341946985377,0.0025596958197531615,2.349231920106831e-13,-1.0491709528303237e-12,2.3420157029313744e-13,0.0
855.4773773344726,0.6650742707377887,0.10767432167519486,2.4255669805539615,1.6617897978525487,0.40652091421201153,0.9156003203559314,2.713359671750338,0.3472563484080691,0.014594009191079031,0.025527744444102874,0.0006753104096391758,0.5934790857879885,4.240556022287228e-06,2.419537226512344e-10,0.00578944667328742,0.012646038266852589,5.10702591327572e-15,-6.159126019490023e-14,8.941646492932147e-14,0.0
851.2955468342286,0.052172764657932066,0.6225614122618894,2.2185262423756678,1.1884299227171662,0.08396664694656741,0.9592182376730193,1.5026422557479469,0.07514249355899472,0.0013407185976255136,0.0054104594259153545,7.369670792120669e-05,0.9160333530534326,2.795561565232591e-08,7.19529695815669e-13,0.00023776410335587487,0.0017295105503697503,3.4861002973229915e-14,-2.2406994981715304e-13,5.87613221517382e-14,2.220446049250313e-16
917.790302863746,0.08534724260015777,0.6384915123140185,2.0590079141120654,3.908253698600586,0.2335580902510348,0.9472727932233417,2.584234917001036,0.20641029002397493,0.005180460789978834,0.014959496967445585,0.0006705942424851139,0.7664419097489652,8.855036380578241e-07,6.932133540810308e-11,0.0016387689489902808,0.004595281058063865,-3.430589146091734e-14,1.7236013473392195e-13,-3.396045809360021e-14,8.881784197001252e-16
834.640279522646,0.556814090097554,0.261946547942359,3.2755540655733304,2.8231464031003406,0.1791087344790343,0.9414291179163571,1.6789860342002052,0.15731341413818342,0.004028192658736986,0.011409459219552038,0.00018266275989645663,0.8208912655209657,4.34173927019826e-07,2.068159620945905e-11,0.0012230222616905577,0.004931943741674227,-2.2870594307278225e-14,8.708057415367335e-14,-6.474982054783759e-15,4.440892098500626e-16
804.8927645368678,1.0244561176304599,0.47440209226503516,3.6835076212136273,0.7036967724080709,0.34611842782603197,0.9245286606527234,2.353462120085528,0.2985427066211392,0.010667052729195665,0.02187925886753573,0.00041569504576164333,0.653881572173968,1.3592860441412771e-05,3.4514611458490687e-09,0.004635883583641287,0.0099337103753494,-1.2212453270876722e-15,-5.387363896883896e-15,3.5051328342490787e-15,2.220446049250313e-16
759.2574264027561,0.044465055185513656,0.536289711320287,4.695603986659398,1.4613699243447205,0.0038062448392044423,0.9644090898404661,0.5902694644185665,0.0034246751365140764,4.8843843762212585e-05,0.0002460821453003277,1.0935498043334679e-07,0.9961937551607956,1.827900107091391e-12,3.218873344988578e-18,9.951518997298317e-07,8.214498813896406e-05,2.6645352591003757e-15,0.0,-5.209078394431078e-15,-1.1102230246251565e-16
825.0742007429565,0.05876490884728225,0.3721340701055294,4.326593759064555,1.4159743066238057,0.03366988849122032,0.9541385372365516,1.018932787941112,0.02997191413935396,0.0005685554345344517,0.00215605704481592,1.0876342934486767e-05,0.9663301115087797,1.3161481883925892e-09,1.228718593462258e-14,5.097118192157769e-05,0.0008988973397835266,-6.661338147750939e-16,-1.2263751587842656e-16,1.6086225212185272e-15,4.440892098500626e-16
755.6351839047583,0.10134901432468568,0.4868881799314989,3.5554799613348003,2.5542316453859946,0.005128915801388634,0.9663670082687824,0.5650365570913439,0.004624119286106379,6.224314037916786e-05,0.00033228960639928424,2.0055552832981178e-07,0.9948710841986114,4.2122799728365005e-12,9.055637989193075e-18,1.4430930431891554e-06,0.00010510948413027542,-4.773959005888173e-15,-1.1647641218086556e-15,7.923368057707036e-15,-1.1102230246251565e-16
977.6779984741756,0.13428781126720518,0.6898216385428321,1.1586620975664297,3.777785564906863,0.727733283081462,0.9013415502966355,5.280596941826066,0.6119599412492186,0.027433129687125243,0.0470917837280669,0.011103983535107899,0.272266716918538,0.0001061545810850192,4.9352316369431745e-08,0.006288535078969017,0.023527529425420822,7.238654120556021e-14,3.20918084047888e-14,-1.0914923135446006e-13,8.881784197001252e-16
850.5356429681509,0.6577706739568445,0.06644045228428162,2.309104035523476,3.9847336953886714,0.20056858649283593,0.9340014203547555,1.7578360923009364,0.17477198347760947,0.005197200515750075,0.012691347539043673,0.00020772725183060834,0.7994314135071641,1.6270290107639582e-07,2.2297840095767252e-12,0.0016476918328940308,0.006029570760266721,-2.708944180085382e-14,1.0149713045475661e-13,-8.634507910577089e-15,-7.771561172376096e-16
914.1772935141018,0.023947389402342655,0.32920818278519387,2.984710743169116,2.35595505570737,0.09298962001135991,0.9437608147144866,1.7247509033739197,0.08187621898865269,0.0020797723635218664,0.005894996086732996,0.0001098209609095202,0.9070103799886401,2.0986277240187808e-08,3.4222409941070694e-13,0.0004247187788109467,0.002535050134729946,-2.347011474057581e-13,1.1616749533301807e-12,-3.038703198194465e-13,2.220446049250313e-16
965.979171255135,0.34634527114521335,0.330521779866278,4.672494663274855,3.330112552863596,0.8007034635248341,0.8300159974131518,5.052998688388776,0.6200397529232982,0.05938721467201105,0.049066552644366726,0.0089626473268001,0.19929653647516588,0.00030406440135788177,1.7192808407943342e-07,0.013895129500440712,0.04904691246852504,7.105427357601002e-15,5.6641236910111866e-14,-7.405575331633732e-14,-8.881784197001252e-16
782.6704418039175,1.34956658638908,0.4865718340749151,4.099188409043851,1.2057374876400442,0.19624046282168406,0.9425405232327585,1.5748896389921816,0.1725639030923274,0.004236455499740867,0.012543190703835581,0.0001442752691535969,0.8037595371783159,1.820634324912343e-06,2.604042420240485e-10,0.0015607731085580541,0.005175287524839859,2.842170943040401e-14,1.8638807300723946e-15,-5.3449157013197664e-14,2.220446049250313e-16
754.6530967066822,0.023553104601804667,0.22668757986101487,2.563060758539537,2.1983234529231006,0.0010737670325164927,0.9609893433207876,0.4792591403063601,0.0009626978503919416,1.508455709169744e-05,6.916478054653133e-05,1.0791191995666932e-08,0.9989262329674835,1.5246224549570908e-14,3.0795236914687875e-21,2.101072570984085e-07,2.3158360979891677e-05,-4.440892098500626e-15,-1.3145038659090893e-16,1.481749264575225e-14,-2.220446049250313e-16
950.0694911862392,0.1872418911682908,0.14389274796514767,1.3865397098925576,1.3480305382234725,0.7989812666739904,0.8697429475492243,4.950775554855586,0.6483191906539912,0.04214553404390143,0.05067440667039804,0.00820825874739951,0.20101873332600967,6.725182531499389e-05,1.1280691022940075e-08,0.00817326664265007,0.04133888081944212,-3.086420008457935e-13,1.2945026844586567e-12,-2.7364900184610747e-13,0.0
779.0970433565253,0.051320468356032524,0.4054474886394786,4.049521059636099,2.1035183994280304,0.005654128991550489,0.961432942327991,0.6673496656830078,0.005071612636889849,7.891397331816885e-05,0.000364422855496888,2.846584383696328e-07,0.9943458710084495,4.534570562258923e-12,8.212225205294087e-18,2.165165876218711e-06,0.0001315167759829908,2.886579864025407e-15,2.5364388715627217e-15,-3.937201982880441e-15,1.1102230246251565e-15
962.2331246137742,0.06366558757062445,0.026383180412823254,1.6970943703746595,1.9046570981979305,0.4916514324601404,0.9070173168622992,3.531344382820111,0.41603919954936985,0.02006951451197932,0.030778501960732427,0.0021402903473375094,0.5083485675398596,1.0399970542720281e-06,1.23215730824588e-11,0.00722092230564664,0.015282314994522976,6.390443729742401e-13,-2.5965182082007886e-12,8.672461159424004e-13,1.1102230246251565e-15
964.98993324781,0.06924313700609847,0.22877119094860557,3.8530373351395597,3.396143736508649,0.4281230071767047,0.9119521688102307,3.4127678697793336,0.36425203969441877,0.016084508788929003,0.026834500759001113,0.001979958379198118,0.5718769928232953,5.620904845611955e-06,4.939056555619921e-10,0.00636330646932269,0.012478044779921718,-2.5868196473766147e-13,1.2086251327082535e-12,-3.2606862569633543e-13,4.440892098500626e-16
752.0709824519662,0.960444935531198,0.5795944551923066,4.974714150732286,1.3703037984141087,0.06302077414891072,0.9590181270428219,0.8328732230286153,0.05638608146301188,0.0009172123152140138,0.004067706872771175,1.8363496767191287e-05,0.9369792258510893,4.290141416978108e-08,2.414884113896784e-12,0.00014660003740270248,0.001480611358881878,-6.106226635438361e-15,5.708607577323103e-15,7.68885460981542e-15,4.440892098500626e-16
796.055904466391,0.022211802826570978,0.1868697795577089,3.5152464233839864,1.2933109328872316,0.005199050557258222,0.954076741392448,0.6791507473264828,0.00462773747341718,8.646159065505272e-05,0.00033249836395558076,2.9470667292567834e-07,0.9948009494427418,1.6711159401871424e-12,1.3019169111594145e-18,2.5546189902515143e-06,0.00014257993476569412,1.1102230246251565e-15,2.0113243533055577e-15,-3.7373286828482065e-15,1.1102230246251565e-15
773.5133992012126,0.5067260602285318,0.26930119783061673,2.399532654235964,3.843490964116235,0.026872599518214524,0.9615847432177859,0.6976839490262005,0.024107857100667207,0.00037367216448846074,0.0017343777045326625,5.306416661164144e-06,0.9731274004817855,6.296904843977258e-10,4.5319232995955414e-15,2.6588894223869865e-05,0.0006191785330892743,-1.3322676295501878e-15,-1.1586588183020167e-15,6.298149473163983e-15,-1.1102230246251565e-16
908.1417550611772,0.06004434771697949,0.6937340601087951,3.6559350095247978,2.4365462050890994,0.2067326447398461,0.9466069159077853,2.435401376825313,0.1825744908845303,0.004486316946917769,0.013225736071836986,0.0004966850492174463,0.7932673552601539,7.755695341954592e-07,6.509504163985577e-11,0.0013654518811080747,0.004509073587957146,-1.7541523789077473e-14,1.6020702546483178e-14,1.5723958855110153e-14,6.661338147750939e-16
795.5484604166261,1.2380103269310214,0.1743675904323199,1.4187090820583992,0.5436680002186487,0.3586742310885457,0.9320564640915313,2.271092962060483,0.31189166101821403,0.010127394012575952,0.022828387483222842,0.0003469099001801331,0.6413257689114543,4.191049103525631e-06,3.397273841454683e-10,0.0038811659373184913,0.009578874045061277,-1.609823385706477e-14,6.827889659118072e-14,-1.3732442929337195e-14,4.440892098500626e-16
932.4030709933663,0.02844305467247032,0.03211129061316698,3.8097004719169005,3.334516226721835,0.09347083511571186,0.9247637796876774,1.6173841874590005,0.08064330141438111,0.002729223989809993,0.005813347213117158,0.00010132050696755237,0.9065291648842881,3.1172076429676693e-09,6.804902706352007e-15,0.0005513808025137808,0.0035653644922479877,-2.4280577548552174e-13,9.916967791568722e-13,-3.1186750401685003e-13,4.440892098500626e-16
910.542956262276,0.02824392451491889,0.02202168152395822,3.099296299829239,0.966573852748317,0.15501548433854206,0.9251834327246515,1.7883447781695583,0.13380252014800742,0.004592453325864934,0.009682487265523091,0.0002075869345420351,0.8449845156614579,1.5021783259220557e-08,4.209706772107942e-14,0.0012353796494882713,0.00544347246844559,1.9584334154387761e-13,-7.890999301119886e-13,1.6083486640865535e-13,-1.1102230246251565e-16
872.9413203659061,0.020084153693833946,0.5745423660081418,2.0914384288308954,2.59148182879027,0.029361630550608475,0.9581719577284621,1.352846775356922,0.026247321492024727,0.00048366908963444347,0.0018840854045112697,1.1678754743512073e-05,0.9706383694493915,6.075293404046079e-10,3.971660638870764e-15,5.488718290287445e-05,0.0006344415992132746,-1.4210854715202004e-14,3.2529851770778144e-15,2.176440801162304e-14,1.1102230246251565e-15
924.0421807903243,0.11915578400036399,0.03626825283676394,1.9439047742827007,1.8971053178506931,0.4045349039617011,0.9153235220645323,2.977229248476565,0.3454554008476989,0.01473300843242918,0.025373299180672954,0.0011341464738007956,0.5954650960382989,8.024298147285549e-07,1.0959325352470062e-11,0.005528688232175917,0.012237798275841807,2.262634524186069e-13,-9.44902247216365e-13,3.8856542060811217e-13,-2.220446049250313e-16
765.8575475139584,0.5925972342229653,0.209271800807799,2.886589598838654,2.4801264953291873,0.03367430014672901,0.9582030133738553,0.6758882197662821,0.030103533505986924,0.0005049723392277666,0.002167430142703127,7.1614277732310846e-06,0.966325699853271,1.4546435943194142e-09,1.3434907068189578e-14,4.350648240743938e-05,0.0008434128119686539,-4.3298697960381105e-15,-6.629564477828927e-16,2.3837550168957104e-14,6.661338147750939e-16
826.1692879633472,0.034309024295200566,0.150296920606477,3.090104363964959,0.8132543392845278,0.027516640043840357,0.9490876923143691,0.9059212587620775,0.02436481447363722,0.0005149658516047668,0.001752261607276807,7.79961757125421e-06,0.9724833599561596,2.8748496660730893e-10,9.281565582264085e-16,4.1117266178739246e-05,0.0008226418548352577,1.9317880628477724e-14,-7.445040781313817e-14,1.5267927207451424e-14,6.661338147750939e-16
812.8293932993062,0.047115300521761404,0.26540369253390694,3.2603423984567454,3.296441123029377,0.008614335265388351,0.9558440990638767,0.802305093600107,0.007681927395559784,0.00013893445440802876,0.0005519204737002867,8.209272397418688e-07,0.9913856647346116,9.847696350220841e-12,1.5033616174559934e-17,5.725444051812837e-06,0.00022447112963129394,-1.6653345369377348e-15,3.8694937081632384e-16,6.766558977034477e-15,4.440892098500626e-16
809.4798039273037,0.07509245458211442,0.19304411430174184,1.3367598249514305,2.717517317714726,0.01421815350585487,0.9585070420074226,0.7852585713011428,0.012714517129555958,0.00021966227382187048,0.0009133652288365208,2.2365507474959218e-06,0.9857818464941451,2.987077838897577e-11,4.532406777027169e-17,1.2903854860662007e-05,0.0003411419734704949,5.551115123125783e-15,-2.6734466060468897e-16,-2.463545256934128e-14,8.881784197001252e-16
861.2805439302829,0.03124592865039974,0.3811244626108536,3.919255001491611,3.1428899271380883,0.024808602774483712,0.9521514398548547,1.1701204508740968,0.02203787414035139,0.0004447481656823961,0.0015835495395261211,7.535292591642325e-06,0.9751913972255163,3.423444894026374e-10,1.7907366248562626e-15,3.804800312036061e-05,0.0006713910097172292,2.220446049250313e-15,2.3204964167356435e-15,-3.4903922752027123e-15,8.881784197001252e-16
813.8611278497214,0.16716600314579283,0.6372419026938525,3.8362000778842678,3.947820658123767,0.03247106219024243,0.9622624861925683,1.0570085722589644,0.0291508629165829,0.0004536937705924038,0.0020963538250320054,9.729454683304316e-06,0.9675289378097576,1.6370520182669439e-09,2.127793624259803e-14,3.93258658177972e-05,0.0007089088488784753,1.1102230246251565e-15,-4.371320762445698e-16,2.087549287898612e-16,0.0
789.6412008520281,0.1481379437634442,0.46744178646431794,2.4709033988365885,1.7552851398312044,0.027879376661093858,0.9639893212741255,0.8434914790820466,0.0250735973241388,0.00036959901007259426,0.0018030288208047238,6.605863654619696e-06,0.9721206233389061,7.973304861463556e-10,6.968560233922911e-15,2.817478899658305e-05,0.0005897787529281807,1.0880185641326534e-14,2.936913594833703e-15,-2.1628535963586417e-14,2.220446049250313e-16
900.6651224285828,0.874995472127696,0.029703106795909713,3.344486170815985,0.9841033310066734,0.7822538554903187,0.7813104220712466,4.205952655133755,0.5702071967695385,0.08802747430782171,0.04451283183374986,0.0038956304912043434,0.21774614450968138,4.7924746622110204e-05,3.768336940274969e-09,0.015509008635122713,0.06005409408127331,1.3322676295501878e-14,-5.83948641154305e-14,3.792787401077861e-14,2.220446049250313e-16
901.9052217565012,0.8455077029663477,0.019234442578078517,2.204615055916584,2.181251853097979,0.7050785935508506,0.8637110635377369,4.126940726031544,0.5681557113202939,0.04416176640700044,0.04322588097175289,0.00290594341323807,0.2949214064491495,8.655720971913009e-06,2.2029845243433283e-10,0.011301264915910937,0.03529101176837725,-1.1213252548714081e-14,4.057006365450293e-14,1.1303506010669015e-13,1.1102230246251565e-15
775.7094346321113,0.9962989086607993,0.10211775965410148,1.6143650852570108,2.921376096709987,0.05897339564749271,0.9556488234848394,0.8061898225566306,0.052579424573367055,0.0009506920331537927,0.003790457930824868,1.833013830799356e-05,0.9410266043525073,4.292114011770781e-09,3.0242395937864636e-14,0.00012896071216877923,0.0014991405896950425,4.440892098500626e-16,-1.1205703191534674e-15,4.233729887195392e-15,6.661338147750939e-16
958.9625729629823,0.024382125165731138,0.4711760546474998,4.036159973673476,1.922804018721774,0.30278911037903156,0.9304794157054136,3.0104452345441257,0.26285024523018996,0.00885299511721366,0.019156946334198628,0.00119282241481133,0.6972108896209684,2.2011488148792734e-06,2.103856767271778e-10,0.0032231167386384207,0.007376730727273671,1.312283615106935e-13,-6.054156691900264e-13,1.1843765981618838e-13,6.661338147750939e-16
917.2425449532716,0.03591002050400549,0.602597938677574,3.190789491507779,3.7313231503453146,0.11164720729314703,0.9497097720774244,1.9992498743046843,0.09892365075242752,0.0022811593493079494,0.007125388224108848,0.0001682332603743759,0.888352792706853,6.153389674940906e-08,1.993370969281357e-12,0.0005155585413544893,0.0025533081714202497,4.04121180963557e-14,-2.3458098888394285e-13,5.827970555960762e-14,6.661338147750939e-16
763.8832873500331,0.7115962231177806,0.6341401142514502,4.891329468566324,2.242596284993053,0.04855631161257301,0.9617446292816628,0.8459240444916013,0.0435679197603768,0.0006658430688399247,0.0031388045157025447,1.3152224100370997e-05,0.951443688387427,1.4583937720875906e-08,5.501643039384093e-13,8.027055638595928e-05,0.0010857229576688335,4.6629367034256575e-15,2.1884486212229777e-16,-6.9226085938457854e-15,2.220446049250313e-16
971.2089075934659,0.04995429994559542,0.050200869910588294,2.276823233722339,3.496884756002951,0.33322570753129344,0.9152005132224126,2.8769835785443894,0.28452217391835516,0.01221783972485495,0.020772911675000814,0.0011110550117046135,0.6667742924687066,3.877644236569469e-07,4.98386182083934e-12,0.004577513726362083,0.00988210194750462,5.728750807065808e-14,-2.3372407532121984e-13,4.5876429216801616e-14,4.440892098500626e-16
852.5194211534811,0.09830891927927064,0.4642779754036907,1.534005819311393,2.8315090720297915,0.07064879691253745,0.9585622956583641,1.3741432354505747,0.06318099738779685,0.0011531721551710423,0.004545459145345134,5.292647766915381e-05,0.9293512030874626,1.0982678050995828e-08,1.6944187353032493e-13,0.00018749719650182827,0.0014932240464520707,-1.3322676295501878e-15,0.0,2.435465083555552e-15,4.440892098500626e-16
801.8081067793604,0.18546261833497868,0.5732924303183734,2.622816087131687,0.9185783072010725,0.08339469232412944,0.9609539774779896,1.1997341786084113,0.0747656931497685,0.0012190781654776355,0.005389462476009495,5.031490044089913e-05,0.9166053076758706,4.2819856279025394e-08,1.4339861420805422e-12,0.00021019794327499893,0.0017475807634873026,-1.63202784619898e-14,4.983058489852821e-14,-8.121437392904926e-16,0.0
995.1372456510278,0.05066404271292146,0.002320491334533106,3.449836145376555,0.8868602587845724,0.7914137335640619,0.836883422933981,4.907268489573565,0.617916670978045,0.05667163894564565,0.048452067084497584,0.008015936375172854,0.20858626643593817,1.6222314554015357e-06,5.657167442909034e-12,0.013804684680309865,0.04647880758290098,1.1968204205459188e-13,-4.751541048791875e-13,5.32964281995842e-14,1.3322676295501878e-15
996.2138997126489,0.2099103399033165,0.3403708595883624,4.621027857557321,3.0702584383936746,0.8542745060614212,0.8111401534151959,5.476735651164492,0.6464794304110654,0.0676706787142691,0.05275216199462311,0.01451274451441298,0.14572549393857884,0.00044220018159661536,2.9386040957173555e-07,0.013373442715601718,0.05908948013780721,-3.4350300381902343e-13,1.553880054674489e-12,-3.238032512737466e-13,-1.1102230246251565e-16
760.2859035321867,0.16306763324048162,0.6748266899343168,1.3163045475180077,3.7786178911311623,0.008192215541833137,0.9735611218930338,0.6511105320710234,0.007440908384483034,8.028849370707076e-05,0.0005345531907134344,5.782161847487987e-07,0.9918077844581669,1.4958174221011747e-11,3.908499762682877e-17,2.9315592721184204e-06,0.00012618662737073403,2.5979218776228663e-14,1.29145856812322e-15,-3.3708926588875616e-14,6.661338147750939e-16
856.6675380089902,0.10267943554552836,0.26477547149981245,4.570049194431721,1.0702163727597105,0.14929166665164773,0.9384788686272154,1.650553302631337,0.1307137966621306,0.003518178516734823,0.009464315582324858,0.00016210898317029117,0.8507083333483523,2.0847087648272777e-07,7.751374806392748e-12,0.0009387213798981833,0.00447087618823189,-1.4355183708403274e-13,6.274360226419961e-13,-1.262319770422535e-13,4.440892098500626e-16
969.9785584967076,0.24448183258525227,0.08536326099519503,4.013721048607058,3.9598362767716795,0.7112357454050189,0.8581655803594295,4.520094308352528,0.5694374575436197,0.04472253490805726,0.043637072529853826,0.005152186047797738,0.2887642545949811,3.4671453349111155e-05,3.572619143074567e-09,0.013545673128441323,0.03463241666931832,8.364420267525929e-13,-3.458188632789146e-12,7.914562295580081e-13,8.881784197001252e-16
880.0354345454241,0.3284632748599247,0.4522056339195706,1.933570152816095,2.4435731004126233,0.3889184881948271,0.9359670143555602,2.9666478534950445,0.33961002120289313,0.010230541665461505,0.02489956504300983,0.0011554778281586207,0.6110815118051729,7.209375279122196e-06,1.0017492349235075e-09,0.003713560631052682,0.009238332382812017,-3.6837199957062694e-13,1.7606003160937336e-12,-3.688948833512513e-13,4.440892098500626e-16
919.4584767981323,0.19054447513192968,0.635738998387963,3.636556426663195,1.0482320642309177,0.6969074294598896,0.8847213453046624,4.645683537620407,0.5752319028496609,0.033469635662765625,0.043943703220859644,0.005348929578334556,0.30309257054011046,0.00019259740467102838,1.218677929142904e-07,0.009857023030499611,0.028780577248968868,4.976019596369952e-13,-2.4885992190820846e-12,4.986390113750383e-13,6.661338147750939e-16
979.5466798673092,0.04585634303229203,0.5566645947789989,3.429894367978945,3.2640684044299264,0.4705389292554337,0.9202407662328959,3.960855811632349,0.4039786307306675,0.01584968362637498,0.029871416508893404,0.0033175615760148995,0.5294610707445663,1.4159189105636254e-05,2.8344152427548768e-09,0.005980020269709855,0.01132849781976352,-1.5210055437364645e-13,8.541209916832104e-13,-2.0862277002993662e-13,2.220446049250313e-16
959.1721212783154,0.03647791826184178,0.5539876634680715,2.538613353619686,1.3402481980675127,0.5059714788608889,0.9212598009328234,4.007880242651364,0.43488008756023117,0.01667124063022972,0.032256411330398145,0.0035532929264642686,0.4940285211391111,1.9121942128676023e-05,4.173783097591476e-09,0.005959838361508534,0.012460186615327112,-9.29256671611256e-14,4.348450370627161e-13,-8.188330229309388e-14,0.0
769.0725236576302,0.8215446581979645,0.49155782506067397,4.643118546654432,0.7941749652792538,0.11984895885366242,0.9502615625871075,1.1594683560480088,0.10625241084115504,0.002160062500258642,0.0076914937821577455,6.0508444525581625e-05,0.8801510411463376,3.358578089804038e-07,2.981468171973029e-11,0.0005788536193204999,0.003097358576858186,-4.884981308350689e-15,-9.764057676319513e-15,1.5154948918027408e-14,4.440892098500626e-16
942.723725451958,0.29948936534191223,0.16608781792594365,2.3457495240771933,3.9185225059275877,0.632071231192298,0.8941849096949432,4.169916467035894,0.5272963010319636,0.028620870756178796,0.03972041051145843,0.003745826566183091,0.367928768807702,2.544164635145413e-05,3.2157212277702818e-09,0.009114480951156377,0.023461770199830218,-9.671152767509739e-13,4.093412861532416e-12,-8.546094758094644e-13,8.881784197001252e-16
841.8979592487914,0.04862125870844575,0.09238300556475527,1.6406203822295913,1.9339236168637768,0.02755809990922331,0.9489757933412875,0.9532968824248511,0.02439864844185089,0.0005269676953224159,0.001753528153329202,8.537065120963262e-06,0.9724419000907767,1.3564850499915134e-10,2.1250376224923329e-16,4.704176727389196e-05,0.0008010685490118485,2.220446049250313e-16,-9.151536459315596e-15,1.31395910779329e-14,-4.440892098500626e-16
756.4951521331951,0.11224437496083679,0.660418655924623,4.114989763058629,2.9280952121121624,0.005573882125572416,0.9680473555901622,0.6136975431130164,0.0050340294006283965,6.433646999084902e-05,0.0003617460918464073,2.2306707644858347e-07,0.9944261178744276,7.011145962864448e-12,2.0955845816642678e-17,1.5604316326895292e-06,0.00010838996032025746,-9.992007221626409e-16,-8.660196967404133e-16,3.0214331505942632e-15,8.881784197001252e-16
842.4776004771377,0.1491851591485096,0.051138659217639285,4.305057529478901,1.7919033731209606,0.08149217708592904,0.9352707933106569,1.1775413079200205,0.07110737674750842,0.0019501322972285404,0.005134898292677879,4.831629675869884e-05,0.918507822914071,6.51926313189664e-09,3.1542787885705686e-14,0.00033987303303861436,0.002897302459710444,1.9317880628477724e-14,-7.714882738403433e-14,6.178105788811987e-15,6.661338147750939e-16
940.144828922397,0.4030931117285742,0.04591422809266776,4.609858480289262,2.3252566257558187,0.7281711206438264,0.8284438595876463,4.324324444119692,0.5628049372063836,0.05923802671161617,0.04326596925442497,0.003994233720650827,0.27182887935617356,3.455892723211735e-05,2.734825492257578e-09,0.016279052881650057,0.04252065163964388,-3.397282455352979e-14,1.3698088786469117e-13,-2.571355585644985e-14,0.0
946.7781546424193,0.021251050972532146,0.42872975380061223,4.984574230968439,2.6476858417803846,0.1640034229340449,0.936421521783499,2.2830135931235964,0.14328002988920643,0.004233563195139646,0.010355671019449163,0.0003543432294583201,0.8359965770659551,2.1417822764369737e-07,9.12862802259698e-12,0.0011859268151684563,0.004496636581204295,-3.143041382713818e-13,1.4381784767977092e-12,-2.828226011939003e-13,-4.440892098500626e-16
857.4765968608392,0.05232826243801604,0.2278518237758552,2.434372022652444,0.6698423419280339,0.12002627801370036,0.9454589088434119,1.5077122895042707,0.10587181586171858,0.0025356504737876757,0.007644388980578837,0.00011951143963391509,0.8799737219862996,5.564538117511461e-08,1.0688268388835593e-12,0.0005690330486276829,0.00325734298569363,1.6653345369377348e-14,-7.186202491443351e-14,1.634732082807356e-14,-4.440892098500626e-16
752.8626780096391,0.3342171973134376,0.3209065453521521,3.391184097656734,3.44528247615668,0.011168555082183396,0.9635480787646674,0.5392832106581592,0.01003995450366457,0.0001459993656688472,0.0007218286920030072,8.966007238843753e-07,0.9888314449178166,4.8883558243066256e-11,2.1697775535778753e-16,5.2028469071361635e-06,0.00025155026118261353,6.661338147750939e-16,5.024136804068569e-16,-6.218043381109181e-16,4.440892098500626e-16
791.5045083313047,0.0516030159048592,0.21825992781706754,3.155729596537851,3.7663036392980755,0.004367130730532409,0.9570084298747457,0.6644779017895616,0.003899180326818629,6.799993580254771e-05,0.0002801419083296645,2.0206158656522914e-07,0.9956328692694676,1.0792882650267928e-12,7.906413040581694e-19,1.8291410588445135e-06,0.00011099128635902049,8.881784197001252e-16,2.640000356243039e-16,-2.8950806472306986e-15,4.440892098500626e-16
951.9082848417055,0.725324045532746,0.6286194730640089,4.999507082343927,3.610256131137901,0.8391672734945824,0.8030370390743058,5.314791788757324,0.628702923924319,0.0724089475140968,0.051194256987645896,0.011529022931360785,0.16083272650541755,0.0009369425638710653,1.2745772725395907e-06,0.013373747661906807,0.06130207711532187,1.3322676295501878e-15,3.8165661805824244e-14,-1.798755601139985e-14,8.881784197001252e-16
976.3132334016149,0.053049527329231606,0.15808072743023283,3.0355160473964693,0.7173285792183408,0.7756323618440322,0.8563406293159409,4.932409230218593,0.619674799910994,0.04719812053080632,0.04831972271519499,0.008214459934440385,0.2243676381559678,8.182017276265985e-05,1.6361758627014356e-08,0.011676846266673183,0.04039074497841078,2.4868995751603507e-13,-1.087411216404642e-12,2.82959598860987e-13,8.881784197001252e-16
950.846237383306,0.10459953281717796,0.34800049875737504,2.340754991651531,3.040472166520102,0.5035320297227279,0.917359306470166,3.7897207404899786,0.4309510438599159,0.0175772866042531,0.031947128696305394,0.0029031975542096,0.49646797027727213,1.3610290762394274e-05,2.0206857100534087e-09,0.006348102059933259,0.013657750463800912,-1.963984530561902e-13,9.239275688577034e-13,-2.0718603727186694e-13,1.3322676295501878e-15
912.3199838965559,0.20019863120595996,0.42602409668012003,2.939780425011916,3.1262690993390043,0.41263625187543573,0.92689157427252,3.2236728788127564,0.35682697547030656,0.01253724999588295,0.026230844697376222,0.0015491023170169504,0.5873637481245643,9.05562080431755e-06,1.3520004095958477e-09,0.004769044381963916,0.010627924817590173,-1.2079226507921703e-13,5.223376187355942e-13,-8.961666877273801e-14,0.0
886.1233306335579,0.08096018136411347,0.3460367878061081,2.1801872854875644,2.0492610440607746,0.1643219937258431,0.9460123175763882,1.9153521064746168,0.14502866568673536,0.003561568117863213,0.010484842299574816,0.00025910916001823097,0.8356780062741569,1.891320988171493e-07,6.478417232590368e-12,0.0009627894177630393,0.0039723419340467895,-7.327471962526033e-15,-2.6315718293907488e-14,3.44066054455203e-14,-4.440892098500626e-16
925.7037127471752,0.02880549077023651,0.5964672062080231,3.755761409728061,2.0578921874371017,0.180165440066118,0.9443676915586925,2.3555643426625212,0.15873546628761934,0.0041031632683391295,0.01147864042209103,0.0004134095518782537,0.819834559933882,3.750822990260842e-07,2.2498237078838794e-11,0.0011826179001974276,0.0041641112304567586,1.9739765377835283e-13,-9.12607551952124e-13,1.6738062657759678e-13,8.881784197001252e-16
788.2130608122145,0.0608312384296071,0.16478355438761852,3.907045203037102,2.562844557291511,0.00618375840099028,0.9539879343456509,0.6402600167085246,0.005503725432839322,0.0001025562876077305,0.0003955218907309473,3.9206671314365576e-07,0.9938162415990097,3.061555026025665e-12,3.077605516844007e-18,2.9180690551401896e-06,0.00017311436599997223,4.6629367034256575e-15,-7.864663838412752e-15,-1.2916569351900444e-14,2.220446049250313e-16
981.6027785356288,0.6740504704858621,0.522091974708557,3.4616059190704562,2.0386762123674274,0.9358640811774446,0.693858054359766,5.722513827747804,0.6058216336266978,0.11986474706665441,0.057430330972756384,0.028975259696422378,0.06413591882255539,0.002319746901479232,4.693964377148212e-06,0.01004799417696344,0.11261497130479116,8.928413564035509e-13,-4.067449935631665e-12,7.378916634706246e-13,2.220446049250313e-16
933.2238685805803,0.30908229304602985,0.06792057829961248,1.8383689305406579,1.6196932698664925,0.7569881111625092,0.8675067089616554,4.58012173764216,0.6126652744718092,0.04326319798595019,0.04725721870754664,0.005265489028708057,0.24301188883749084,3.0848444664399154e-05,2.5556758386652987e-09,0.009824437135399208,0.038637705483527254,-4.9182879990894435e-14,2.0511540735405765e-13,-7.19775454226031e-14,0.0
990.9569645510503,0.29170198742375164,0.11086579229478578,4.242284887967483,1.8816783600387372,0.8946837786774853,0.7394639390225745,5.217695997590616,0.6172312809316725,0.10610487996268533,0.05278988459456818,0.01593608469291415,0.10531622132251468,0.0003293136474208255,1.1742897796638182e-07,0.01410572654666084,0.08829685251692693,4.445332990599127e-13,-1.878668121369928e-12,4.693092076634067e-13,2.220446049250313e-16
805.9976847449506,0.4278393210136038,0.43284100090881067,1.7299534032480963,1.316136197021655,0.14423103571379703,0.9569574411089872,1.4514926720784018,0.12876941138076473,0.002368316930586259,0.009309727027376391,0.00012203852456238874,0.855768964286203,2.2749535957558596e-07,1.0539707005429913e-11,0.0005973976103791106,0.003047710214562004,-5.440092820663267e-14,2.533914902345856e-13,-5.378370545859957e-14,-4.440892098500626e-16
833.1192640993473,0.022558630809200383,0.3229594074049726,1.2633412571100007,1.0033481685303245,0.021934728932232694,0.9589027881398363,0.9866866807799247,0.01962312714244417,0.0003466915727782118,0.00140903703510238,5.700933183494765e-06,0.9780652710677673,1.5602680796875485e-10,4.784724591831639e-16,3.014576450393487e-05,0.0004949309464835454,-4.551914400963142e-15,-4.015417908404833e-15,1.6476050546124777e-14,6.661338147750939e-16
915.6888358115502,0.44150752468795806,0.3742457257653361,2.6937605385267336,1.4283587463691516,0.7696962429835668,0.8601410425935134,4.736807295881631,0.6176613157807502,0.04613464772324216,0.04801526747341577,0.00615287702489204,0.2303037570164333,0.00022361699382703683,1.1569901456096216e-07,0.010451249637062678,0.04105306365985168,-1.1468603844377867e-13,5.922532735995858e-13,-1.5977687064335734e-13,-1.1102230246251565e-16
810.5128831140572,0.5465033047148475,0.4099203292905393,3.489096150810929,2.1357917979198633,0.1302949166236037,0.9507240327665257,1.3988720873344829,0.11556951991159876,0.0024007969844092453,0.008358537755354216,9.917551572395585e-05,0.8697050833763963,2.1984339187686572e-07,1.1573273531781198e-11,0.0005981232820983658,0.0032549806637897755,-3.7492231541591536e-13,-4.1224010621269246e-14,8.502426732833509e-13,-4.440892098500626e-16
896.9963717235581,0.3972223473428392,0.4752254284976815,3.6784912047118272,0.852631091907002,0.7209757881325525,0.8596622031165377,4.44644685719943,0.5782423255075027,0.04513368109586652,0.04442689783898057,0.004263275722174454,0.2790242118674475,0.0002581854978429846,1.707942314591297e-07,0.011942023202103804,0.03671039234935782,-2.2259971643734389e-13,1.0797751179703692e-12,-2.2911845739730896e-13,4.440892098500626e-16
800.5179539088084,1.2090862308824823,0.4068631910680199,2.4563007984669305,3.788478553330749,0.1332641873487772,0.9547905523402587,1.3620033455899276,0.11870880492803759,0.0022528592067895484,0.008584332696810363,9.578424826238133e-05,0.8667358126512228,2.1673351905082257e-07,1.0928218778322568e-11,0.0005635426407657126,0.0030458056637073455,0.0,-1.3277574922187523e-15,-3.269585230100876e-16,2.220446049250313e-16
794.2927529499984,0.11101691633623531,0.2957754179887648,1.780068531914535,2.669310038564817,0.01523384108965431,0.9620988520615474,0.7531442537627918,0.013673839627235984,0.00021288831671322197,0.0009826148142561464,2.2984481147628376e-06,0.9847661589103457,6.285733926135966e-11,1.7380254182334699e-16,1.1570673513908186e-05,0.0003406998583895165,-3.3306690738754696e-15,0.0,1.101907328412156e-14,2.220446049250313e-16
847.2414326228308,0.10600594921719854,0.14279760745080647,4.761769322738269,3.346326285341485,0.043156827269982045,0.9422737787914186,1.069715752886871,0.03793918348745702,0.0009151003046108423,0.002731700170816143,1.8251200921925983e-05,0.956843172730018,1.4881195984948348e-09,8.461647897152221e-15,9.83234504822686e-05,0.001438485414798245,2.398081733190338e-14,-1.2726062407328838e-13,6.858757382371456e-14,0.0
883.8121943457058,0.3253810562728782,0.1611423356399819,2.6658049697499866,3.539279048758104,0.2795630193217956,0.92967182795712,2.3142543996496205,0.2424771157390045,0.008007142858257583,0.01767239705097347,0.0005116615376504345,0.7204369806782044,1.0200859603639045e-06,4.1826209367362634e-11,0.0028848264710898356,0.007966006395645446,3.175237850427948e-14,-8.232495484030065e-14,-5.0150779992388323e-14,-2.220446049250313e-16
961.4932643416204,0.28099149133202134,0.28809828951499417,2.1792511378645347,0.6499363121334252,0.9255125562687432,0.7563687899165333,5.515727928248405,0.65309638505195,0.09094778051131462,0.05783452014829688,0.02166720448965725,0.07448744373125682,0.0007933294209045941,6.521748048181013e-07,0.009023228014217649,0.09250822941527426,-5.329070518200751e-15,1.4301656740138735e-13,-1.115109508654724e-13,4.440892098500626e-16
851.0345816374661,0.13544163206945434,0.02805435070661541,4.517773209951852,1.3879751465816077,0.11062597579431377,0.9295306103646886,1.332978321319634,0.09593612553798136,0.0029175087928889534,0.006941748025531737,8.014471783429228e-05,0.8893740242056862,1.1217933107567253e-08,4.273792566624105e-14,0.0006464417041167484,0.00408797600300895,-3.219646771412954e-15,1.2972162650937919e-14,3.704510860953837e-15,6.661338147750939e-16
792.4849901278424,0.14053523713396504,0.2698393802155739,2.0314546990952174,2.1592635737964296,0.021378388552856897,0.9605997410205612,0.7638617857525585,0.019159262860928176,0.00030919124209772577,0.0013774130787940803,4.180006030240281e-06,0.9786216114471431,2.035370846688441e-10,8.356949708398288e-16,1.98849159298724e-05,0.0004995653329835731,-9.992007221626409e-16,-1.0296508096995851e-15,4.92987301973847e-16,-1.1102230246251565e-16
858.0021103392634,0.2268651178254086,0.17233450354844138,2.2597083909605864,1.0193692439159812,0.29259091627932765,0.9320008619068689,2.2599790565972633,0.25441254212468456,0.008096391790671278,0.01855578767248783,0.0004616117496899148,0.7074090837206723,1.4267492537485513e-06,6.933377251576333e-11,0.0029650159867109934,0.00806652798314517,-7.264189250122399e-13,3.090040118476336e-12,-6.669335558558698e-13,-7.771561172376096e-16
819.3512126527839,0.6997133548558327,0.1273439554315009,2.9481772465723237,1.1425593076355633,0.2535367341469196,0.9286383749527346,1.879179728032045,0.2196589396373507,0.007163997617188115,0.016017038383926804,0.0002335041095288703,0.7464632658530804,1.0933379224163088e-06,4.9669998367729585e-11,0.0027700570013874893,0.007676937815376166,7.105427357601002e-15,-7.050004873881027e-15,-3.656206974944679e-14,-2.220446049250313e-16
804.2532370447082,0.043079549082052304,0.06999046412632336,1.3699324194006974,1.2277759133127517,0.011974291105265267,0.9538765502402514,0.706740301334694,0.010656224193757242,0.0002033881503175515,0.0007656036064946099,1.62486592584605e-06,0.9880257088947347,7.59105014996479e-12,4.249848123119974e-18,1.0388620024665702e-05,0.0003255109538308073,2.6645352591003757e-15,-2.4221812595908332e-15,-3.100435600969333e-14,-1.1102230246251565e-16
910.9473385188614,0.25752945934118865,0.36418236031304896,1.0744114649175278,3.1756120820161993,0.47449415974498677,0.9307385552161757,3.4758444771932204,0.41202155849875355,0.013805835978244411,0.030400106631653143,0.002098982039786647,0.5255058402550132,9.330538084895722e-06,1.1714972813869716e-09,0.004503753186165555,0.011553363980069876,-1.2301271112846734e-13,6.019036266711386e-13,-1.4464963544678779e-13,8.881784197001252e-16
954.2195502484078,0.06634806393968273,0.07375175889248708,1.1787744287659057,2.3858943937983543,0.40273920703990285,0.9203604791880758,3.1421211923762318,0.34581452982012795,0.014143635165719063,0.02534686721843794,0.0014980561433001337,0.5972607929600972,1.0079522429506267e-06,2.1798188699308473e-11,0.005032032496214718,0.010761328515993167,-1.0561551633259114e-12,4.4241076712706494e-12,-1.2597844134782378e-12,8.881784197001252e-16
885.5318418214994,0.5430776507835526,0.5270578269070334,1.0960338923992945,0.5734611753612628,0.8285693148410692,0.8720858342005235,5.011234337572422,0.6741389840999817,0.04065451159075462,0.053270261903991624,0.008417511152251268,0.17143068515893076,0.0003163736281128352,2.1172426410496512e-07,0.00615992770943346,0.04566586316032387,-8.659739592076221e-15,5.036392570337872e-15,1.615335623258481e-14,1.1102230246251565e-15
949.0186500892413,0.32004224338517356,0.10559450803570598,2.3868810203746813,1.3590344561978136,0.8468207234155108,0.8213001516846428,5.000088325691771,0.6488655921492493,0.06557564808121857,0.052125414937533816,0.009381198874304313,0.15317927658448915,0.0001252249260817346,2.5438847957526355e-08,0.011056119308927193,0.059693700036611716,-4.6629367034256575e-15,2.558621247335048e-14,-1.2912894359348058e-14,2.220446049250313e-16
920.8249195962353,0.0438473536965652,0.29135551776606067,3.4948448355756914,2.735412534388038,0.16014113645968542,0.9374577049219142,2.0368075788725895,0.1400605906969004,0.004024411503588355,0.010125072561693592,0.00028600181132301835,0.8398588635403146,1.499095446460476e-07,4.468490390521073e-12,0.0010989105837713644,0.004474742183651665,-7.338574192772285e-14,4.1704374324936605e-13,-1.5101415934925457e-13,0.0
978.5179401332578,0.6530975053829208,0.4037828395844181,2.561107602026353,3.603025280502312,0.9153345683997616,0.7852230489307476,5.737691721327093,0.6705547879537036,0.07717810572236557,0.05777775891487931,0.021936834561423445,0.08466543160023847,0.0008330769780603894,8.028775874026944e-07,0.009392492557226939,0.07797212699406723,6.217248937900877e-14,-3.3760149966681686e-13,9.339986944996679e-14,-2.220446049250313e-16
841.7252780563196,0.2634788823355626,0.6737715067282924,1.7512312618225663,0.7602858166400668,0.3439173601240394,0.9464163649794683,2.6631186309865478,0.30366707369392654,0.007399577800567189,0.022182397732448397,0.0007970936206759748,0.6560826398759606,6.698622587356544e-06,1.1427993322967686e-09,0.0026137729306310253,0.0072039717860496585,2.877698079828406e-13,-1.4061375915446667e-12,2.671321867904081e-13,4.440892098500626e-16
782.0405854914194,0.17374859591397446,0.5118522264753659,4.172683673971172,0.4929193674755056,0.061687160815872555,0.9581916082108977,0.9708683354448399,0.05514530075351593,0.0009401792023488362,0.003974315048088431,2.430599086004686e-05,0.9383128391841274,2.102970815806977e-08,6.536467089793762e-13,0.00013334623855416983,0.0014630195060848469,-1.4099832412739488e-14,8.756507132551725e-15,2.1571212616556565e-14,6.661338147750939e-16
987.3841520928247,0.26896024960947185,0.46043116028167125,4.941429650415919,0.9288452445200011,0.9210549849659038,0.6734046139842125,5.4888130245638145,0.5786593963948942,0.13518296042376293,0.05425287370589337,0.024366273524997574,0.07894501503409623,0.0022939785810405762,4.5827235696857075e-06,0.012381857282138637,0.11511608132228372,-2.2182256032010628e-13,1.0229805574898699e-12,-1.9863192840153574e-13,0.0
798.7172545840505,0.07402722094049262,0.5684802607095485,2.731811621763793,3.670299341137483,0.010104618353595107,0.9653476137983045,0.8443949110382404,0.009100494824917184,0.00012920836123196712,0.0006537958247032001,1.0160783942193446e-06,0.9898953816464049,2.73146951511948e-11,8.241211009059002e-17,5.752383051297474e-06,0.00020421455774216585,0.0,1.5744306563727802e-15,-1.5210343821661683e-15,4.440892098500626e-16
785.0856892293899,0.04323092518517749,0.35288588777107244,3.5296525406335215,0.6871461386242542,0.013446926526468284,0.9597866742182423,0.7174143396734538,0.012040904511749636,0.00019657747703685202,0.0008654820752637842,1.6330841335408344e-06,0.9865530734735317,6.452514246159604e-11,2.422274471025742e-16,9.05023996506417e-06,0.0003271122766806932,1.312283615106935e-13,4.899919766646237e-14,-3.7056149580932934e-13,2.220446049250313e-16
999.1475895916768,0.4783919312926797,0.5354024645055444,2.371793944163323,2.6389304909609366,0.9483643276947593,0.7508384579097994,6.178984378080868,0.6643288046461068,0.08628932273034232,0.06123047400656868,0.035443898151507454,0.05163567230524067,0.00157645721154867,2.3428956772618085e-06,0.008371975817640659,0.09184309421564021,-4.801714581503802e-13,2.5800156531151348e-12,-6.097267604091932e-13,4.440892098500626e-16
784.1400359770032,0.3018294943078949,0.3622487641491402,1.7951082012603048,0.7991528504663608,0.07987172723613567,0.960344121299838,1.0205948054899694,0.07156181105488323,0.001176330591690894,0.005159523173953144,3.8627838328211817e-05,0.9201282727638643,2.7885957507226263e-08,6.441753443859843e-13,0.0001983794725432296,0.0017279069057833452,-1.6542323066914832e-14,-2.1929401682078915e-14,5.6552898953318163e-14,2.220446049250313e-16
950.417215542138,0.05531584547136382,0.0401982356492822,3.784318047332507,3.309756262677085,0.25240732481688466,0.9150046823916772,2.408376253328315,0.21546991233480411,0.008872726506163896,0.015676538358912428,0.000584061856076068,0.7475926751831153,1.497758235275572e-07,1.305015800942655e-12,0.0031099469004139124,0.008606629047644972,-2.4132917886277028e-12,9.713617874788788e-12,-1.982054434095922e-12,-4.440892098500626e-16
956.8376095968424,0.36590234439129543,0.2502649626216838,2.4377567786739567,3.0786188896728732,0.806702112607015,0.8550552466991669,5.058886875588007,0.6435299073033945,0.04831213541240701,0.05066640287010673,0.009123101995736294,0.19329788739298506,0.0001606463383981766,5.5555199393109894e-08,0.010165764261646325,0.04470558972245897,1.2896350654045818e-12,-5.6263916914747054e-12,1.1662123465296268e-12,6.661338147750939e-16
811.5159421550867,0.09678421221193273,0.0067310778968369435,2.680594525842981,2.1179976631196213,0.018937743403735552,0.9457765086438603,0.7460978833439952,0.016710064070390534,0.0003724168823383984,0.001201739463848692,3.768345219861753e-06,0.9810622565962644,5.1361749172911435e-12,6.80299781227096e-19,2.1825740591258396e-05,0.0006187607301054819,8.881784197001252e-16,-2.802070981312516e-15,8.028784870848271e-15,-2.220446049250313e-16
836.6023125383981,0.7731850190083894,0.6971065749943373,4.265927520322101,2.3580246306117054,0.30459201306290595,0.9376772871891725,2.4479658740372847,0.2664607661093535,0.007541723143891621,0.019449807076402394,0.0005370934017496077,0.695407986937094,7.755255006303841e-06,1.7398143184224342e-09,0.0029847835292037663,0.007568483448795399,1.1102230246251565e-14,-5.354346094625804e-14,1.2403813895013605e-14,2.220446049250313e-16
859.7720504618262,0.6812694374826614,0.684307615259856,4.830694872269348,0.6835164044848594,0.6282549262541082,0.8681951038924755,3.9223246670194487,0.508879082511355,0.038016071901994124,0.03839685100738554,0.002137815350734528,0.37174507374589183,0.00025728580279950846,2.2850613343075585e-07,0.012410539661451142,0.028144989755404144,-2.283728761653947e-13,1.1617317071171485e-12,-2.289997357790693e-13,4.440892098500626e-16
991.3664058192521,0.24253201087990478,0.3630597210629703,2.2851210261036616,0.4504934557032129,0.9610191456917248,0.6592115240608332,5.84463443802889,0.5910417985864042,0.1258256644316013,0.061118397092666726,0.041646753623935724,0.03898085430827519,0.002062343611286482,3.2477624700596473e-06,0.008380949648966272,0.13208218266928748,1.4876988529977098e-14,-1.5603439428383134e-13,7.749494348641928e-14,-4.440892098500626e-16
807.519147227657,1.217407536617412,0.5225551147889517,2.07309623034107,2.1277625503957007,0.2508602811905738,0.9494384350586506,1.9785829674734239,0.22220819831677432,0.004933852745218168,0.016158685359724555,0.000299398931118448,0.7491397188094262,2.405724983117636e-06,2.897102140312069e-10,0.001736316583698162,0.005498652820480385,-8.881784197001252e-16,1.0321707082202154e-15,1.654711623043312e-15,8.881784197001252e-16
786.4261396088197,0.1684940082952613,0.3935031553298462,1.9809421833989562,1.8345313882304288,0.026927673770149263,0.9640289187630243,0.7990592103530616,0.02421866855539482,0.00035698195211359145,0.001741451938750973,6.160598688907104e-06,0.9730723262298507,5.971133856709472e-10,4.22127587301101e-15,2.665027251421333e-05,0.0005691764745451328,1.1102230246251565e-15,-2.428826269407499e-16,-2.7044741312381756e-15,4.440892098500626e-16
931.7462674293092,0.4444587590381778,0.6241191797399892,1.3631297589726,3.446572538995571,0.7525932511345526,0.8971657191227527,5.043952688976815,0.6299329922460662,0.02929572457314462,0.04862994141940155,0.008590145829145123,0.24740674886544745,0.0001571670727227,8.239334647408225e-08,0.006355976351599936,0.02953117666997631,2.6423307986078726e-13,-1.342456045215111e-12,2.762348930602502e-13,4.440892098500626e-16
755.084973678608,1.0988714928822492,0.24340569229804646,1.380296428139562,3.965429757795683,0.03435176918646177,0.9653553838033042,0.6384440970754437,0.030938389061942666,0.00043083618107816183,0.002226596892947975,7.022432918556695e-06,0.9656482308135382,1.3627291628873547e-09,1.1745484403397033e-14,3.7162799970430814e-05,0.0007068846888822153,2.4424906541753444e-15,0.0,-7.651355293623669e-15,2.220446049250313e-16
806.7957205245916,0.08635955355011742,0.50269162201077,2.5442731419028393,2.213451842319001,0.022513798735238955,0.9632882776353886,0.9224866530049188,0.02023328594684101,0.0003069126715448049,0.0014542557186906296,4.964456930299993e-06,0.977486201264761,3.4464956186608896e-10,2.198485941983745e-15,2.151906267441345e-05,0.00048083484608408086,-5.218048215738236e-15,-2.42919799141814e-15,1.0188262971713003e-14,4.440892098500626e-16
965.3701701138087,0.15812866839039255,0.5960260691188709,2.7759223761492864,0.6174657950925495,0.9064632362935776,0.7954411248996653,5.79705685075651,0.6726971691843976,0.07152204609050201,0.05757914671119481,0.021333664079563854,0.09353676370642233,0.0010978301705812947,1.4454542242548404e-06,0.0091703708824624,0.0734696055203492,-3.008704396734174e-14,2.1810571758427623e-13,-6.293973596952128e-14,4.440892098500626e-16
826.6747240088378,0.15678076011965064,0.5507429791860196,1.2527048004325085,1.5262214067042468,0.09786036485832539,0.9622345428678498,1.39689491632492,0.08785149139033196,0.0014519535995440806,0.006329729134444049,8.232963627668644e-05,0.9021396351416746,4.4005027186074743e-08,1.1796240519095922e-12,0.0002776407752971328,0.001841192517148056,1.7763568394002505e-14,-7.342413869989776e-14,9.42012577336866e-15,0.0
780.9308977809605,0.5856258687107755,0.45018366933231907,4.629571467356573,1.3296841082372157,0.08817672010792288,0.9532308801714025,1.0662976668355304,0.0784175750000302,0.0014935549163256122,0.005663685175445762,4.057507313369258e-05,0.9118232798920771,8.794212807925933e-08,4.4871521852709696e-12,0.00029705454341483553,0.002257121313670404,1.9984014443252818e-15,-1.4915707058501203e-14,5.466672485026508e-15,4.440892098500626e-16
858.896012767489,0.7789280662780261,0.5086666553895574,1.3249721286553973,2.4995925323108996,0.4670171917455721,0.9354994359914205,3.243757666812921,0.4076033667638029,0.01226394375061505,0.03005203066640447,0.001447945169471965,0.5329828082544279,1.650597809483901e-05,3.2700274618310995e-09,0.0041226527099630286,0.011452694325606316,1.1657341758564144e-13,-5.721513947843893e-13,1.1860010839576468e-13,-5.551115123125783e-16
750.5690858191317,0.03821859854135794,0.27335594919682954,3.56495859307529,2.683840673180181,0.0013663735664453114,0.9615333908013703,0.4722635421926251,0.0012257310469614455,1.8875428186970596e-05,8.807035822436787e-05,1.562492430366502e-08,0.9986336264335547,4.4451507531608046e-14,1.6759865431582888e-20,2.416347072469324e-07,3.065367515246728e-05,3.552713678800501e-15,1.2848777149683037e-15,-1.2166132510526108e-14,6.661338147750939e-16
770.8619059183842,0.763439391389978,0.15987489044417144,1.0807056084826205,1.1125510563914853,0.08906908395763158,0.9581773704716028,0.9396848547320774,0.0796222159410352,0.0013798947324552603,0.005745752168301497,3.4976731771416505e-05,0.9109309160423684,2.2131678218345072e-08,3.02026542542844e-13,0.0002565024069596653,0.002022209145449003,3.3306690738754696e-15,-2.147816213142003e-14,1.0192879561653221e-14,-6.661338147750939e-16
809.9160601736736,0.02154108500869101,0.4655716615699199,3.185109726665517,3.5025547291399586,0.003818511596802243,0.960252794641506,0.8398815717440603,0.0034209053498153877,5.569848738861235e-05,0.0002456935946204408,1.5898911969179582e-07,0.9961814884031978,1.0651031507186941e-12,9.675515812010203e-19,1.8531798272724866e-06,8.304330675228676e-05,0.0,-2.35147261390331e-16,-8.571874042131279e-16,0.0
758.661416204325,0.3771029797774078,0.5983391058362696,4.934745397053719,0.9837217052118579,0.041124212796532666,0.9616928216385994,0.773551678506945,0.036897363659063834,0.0005644992427867809,0.0026572424580004945,9.584873998281456e-06,0.9588757872034673,7.843515769502911e-09,2.376286747501294e-13,5.916760433406974e-05,0.0009324546626347114,-1.099120794378905e-14,-3.998075830693704e-15,1.845320337223509e-14,-1.1102230246251565e-16
831.6978286968408,0.03134238760864176,0.531101211020503,3.797930084411561,1.6497388440770235,0.021408785148191,0.9589463496136434,1.0642175548734327,0.019153480266525483,0.0003271774136201733,0.001376405344097286,4.984664333785545e-06,0.978591214851809,2.9721308015964154e-10,1.8612588477928145e-15,2.3618883396327592e-05,0.0005069108849650641,-1.4654943925052066e-14,-4.113529076137426e-15,2.492222731413941e-14,-3.3306690738754696e-16
895.4541110630457,0.03380812372663586,0.6499879604628302,2.800320639684964,1.8695307234349525,0.11715340291614029,0.9531622142490825,1.9257989388887637,0.10417969699648849,0.0022144949199334064,0.007508152059259134,0.0001690965487857562,0.8828465970838597,8.172562694372151e-08,3.0227739922491387e-12,0.0004993855828584451,0.002520822815884574,1.5765166949677223e-14,-8.1752814122713e-14,1.6577566178068648e-14,2.220446049250313e-16
901.1688625722795,1.4276193485060586,0.41852268340849624,1.5616617662399266,1.4468635535995695,0.8761848525582097,0.8181149495651402,5.11836720542238,0.6687617631167292,0.0657249714401024,0.05500025056250587,0.010958298317570994,0.12381514744179035,0.0005875645527069259,4.992733096655218e-07,0.007908411324987402,0.06747072619645246,-6.404876629062528e-13,3.0317696851665053e-12,-6.480959214952013e-13,2.220446049250313e-16
787.1709112996809,0.9834991395670362,0.39114790435322805,2.508096138094566,2.8980242730704098,0.09690567141177053,0.9576998694701704,1.1223572068674006,0.0865844669695297,0.001508496226097951,0.006250897556413325,5.1221824340398835e-05,0.9030943285882295,7.404511250219142e-08,2.737335412564828e-12,0.00030255532040847116,0.0021988559834602776,1.1102230246251565e-15,-1.5804361383420185e-15,-4.421233055315867e-15,-4.440892098500626e-16
902.9022063776638,0.04905673769541141,0.5581306884817838,2.4519934683319082,3.6475783910996507,0.10695195743633923,0.9518407310888485,1.8685211484517212,0.09497611201854966,0.002090948124321994,0.006839597536166337,0.00014587077607922807,0.8930480425636608,4.891428037226159e-08,1.3764310098194594e-12,0.0004573429993730723,0.0023717858452053,4.107825191113079e-14,-2.4883649111661147e-13,7.019245954400992e-14,1.3322676295501878e-15
894.8696755014305,0.0473587489171314,0.5302454072704776,2.696587329352064,1.4095005637496467,0.1841289170124195,0.9475525805029354,2.158173360968962,0.16277461695158194,0.0039123872402053615,0.011776598496437566,0.0003620089314057591,0.8158710829875805,3.9588032843626336e-07,2.2231703722570125e-11,0.0011207194034165758,0.0041203596879048725,9.281464485866309e-14,-5.288971465755452e-13,1.3396933613757434e-13,-4.440892098500626e-16
851.6469452814658,0.2383218188814971,0.575785317598662,2.714900379941107,2.5222303703792543,0.1725640499918576,0.9523573065488804,1.8872538681922018,0.15332451779966186,0.0032161535118564715,0.011095171982645221,0.000244037038114801,0.8274359500081424,4.531462912785915e-07,2.971997562302545e-11,0.000890605033116166,0.003760269931471545,-1.1146639167236572e-13,5.285013914721788e-13,-9.842152198729158e-14,8.881784197001252e-16
908.9391077644443,1.1298932564812554,0.016716189563164643,2.1361276283509607,3.892785839416769,0.6957727296195735,0.8697217946417775,4.133470368157982,0.5645587212528389,0.041096322823605,0.042882336127734816,0.0029695119228202375,0.30422727038042646,6.397266657601244e-06,1.2984527205053749e-10,0.010894919590636255,0.03333109701830851,2.1360690993788012e-13,-8.519807308834505e-13,1.9472224147044622e-13,4.440892098500626e-16
765.6209836308245,0.9842567760812244,0.36032037078422957,3.3672666354479803,2.7842311314795425,0.053849695144820076,0.9592779388840902,0.8073149998044814,0.048193566891664257,0.0007865667503433302,0.003473711559527944,1.5680484234244806e-05,0.9461503048551799,1.254790788694217e-08,3.1554548250876075e-13,0.00010246974896409992,0.0012729637027497145,-1.2212453270876722e-15,2.096252926711111e-15,5.537879570723669e-16,2.220446049250313e-16
812.9902380882487,0.029024258950013742,0.47744256221221637,2.827464038571013,3.617147842902093,0.005604977750579443,0.9613607328832378,0.868918172177502,0.005027147602412144,7.993000658257974e-05,0.0003610491147380903,3.4880415090705997e-07,0.9943950222494206,3.4346231517620518e-12,4.488861134646361e-18,3.142457359086121e-06,0.0001207218305516842,-5.3179682879545e-14,-1.2163846895778892e-14,1.0685265064936279e-13,4.440892098500626e-16
970.7112206063953,1.3066956541085364,0.5156528216392626,3.401991603338549,1.8285934294894495,0.944919273961384,0.6030205663123092,5.377043137259867,0.5316039464751935,0.16817929949059315,0.05557410939254804,0.030193964110300453,0.055080726038616044,0.0037650095112228862,1.1248106405451542e-05,0.009445306476948814,0.14833629252800126,-5.950795411990839e-14,3.8189255217764864e-13,-1.1247866537761205e-13,-4.440892098500626e-16
801.7544358310207,0.12132546304272318,0.6515514089241964,2.1012052209121923,1.8192203322811467,0.0349638308115392,0.9666145193543259,1.0048133267078017,0.03153070555114356,0.00043855139584474893,0.0022670495657030627,1.1227839142853856e-05,0.9650361691884608,1.7581237477528775e-09,2.082833810375875e-14,4.0848191553136904e-05,0.00066261831984233,-8.171241461241152e-14,-1.8686843905119206e-14,1.2046042392981167e-13,2.220446049250313e-16
891.8870306807296,1.2482302707955883,0.40245637751894064,3.0803651867264,2.3117308899270426,0.738995752769394,0.8546997915173299,4.443409952865506,0.5892734917503132,0.048494849030536885,0.04541222616780223,0.0042574219456679345,0.26100424723060595,0.00025271870578727663,1.531006877928213e-07,0.01160448604718336,0.0397223707115937,-4.440892098500626e-16,-6.047351846868342e-15,3.305386507696979e-15,-1.1102230246251565e-16
980.5307177614836,0.8306780039921504,0.07468420214861002,1.9052052794798122,0.8363260171731672,0.9638492702947947,0.5744555430393985,5.17582554305997,0.5165673012747505,0.17512070114105346,0.05790862542108542,0.03602713154071047,0.03615072970520532,0.0006538265748217383,3.18444172864424e-07,0.008318263718433465,0.16962783041480467,-2.4424906541753444e-14,8.555864799824155e-14,2.1040407151232802e-14,-1.1102230246251565e-16
880.8092295897237,0.6025940527637461,0.07644246823883998,3.077518668546841,2.5041696589326397,0.45447316793085324,0.9031193888913077,3.009367988684397,0.3829259322215186,0.01912535213254344,0.028270761212894888,0.0009558157795916244,0.5455268320691468,4.986108927026845e-06,2.435183742595467e-10,0.007658510196674386,0.015497730645501423,-1.1102230246251565e-15,-6.247587956138104e-15,2.936636171666902e-14,-1.1102230246251565e-16
944.7658106934217,1.2031451919869145,0.30372206092188386,2.7699752532528965,1.8911785909455032,0.9105076350239336,0.7171753328353117,5.153029131609092,0.6092145962354957,0.11609941839756206,0.054238956488909036,0.017158745261506236,0.0894923649760664,0.0010939307283716218,1.20492036247986e-06,0.010403354346790185,0.1028503715028629,1.5942802633617248e-13,-7.472480017678734e-13,1.7607219515509595e-13,-3.3306690738754696e-16
853.7774416079645,0.020551826740706568,0.4537878975817756,2.5797084202177167,3.6950660023962683,0.011999235647163653,0.9568549096967479,1.1073069267443925,0.01071176500339062,0.0001959042489594342,0.0007689892639476142,1.876976671133208e-06,0.9880007643528363,3.148077417188293e-11,7.319330479183512e-17,1.3525788927336964e-05,0.00027921579935081734,8.43769498715119e-15,7.091345481411252e-16,-1.7442354962078962e-14,4.440892098500626e-16
771.2997031395804,0.03346655745555699,0.19264012300233602,1.4506659955633259,3.384267557007509,0.001693829184298501,0.9610623405473355,0.5504850595315945,0.001518736867427978,2.398636067580041e-05,0.00010909133580429406,3.099689351305493e-08,0.9983061708157015,4.159549636601634e-14,8.229354402912168e-21,5.086893250580452e-07,3.5217492646877955e-05,2.220446049250313e-16,-2.27289095509815e-15,4.14329224708264e-15,6.661338147750939e-16
984.02011093335,0.03230662011931319,0.5329694556803419,4.340226391144761,3.2913881050737883,0.39751826057017947,0.922879040915163,3.6300525311829017,0.34226558358340203,0.013027350468245812,0.025136367180392805,0.002335583545304657,0.6024817394298205,6.966579048730039e-06,1.0706514829828166e-09,0.0050370951842009055,0.009519221934974552,-7.127631818093505e-14,4.3374355934656947e-13,-1.1805921307921477e-13,2.220446049250313e-16
828.1496678204942,0.32961725939730147,0.6407068362150669,3.2261291380144734,3.1287263997113652,0.11002426188704872,0.9576727826328786,1.4960429372452795,0.09830304556348644,0.0017673036185842056,0.0070938588425046994,9.623547862527727e-05,0.8899757381129513,1.1532679267005037e-07,5.5389018218923685e-12,0.00037008248817655304,0.0023739848425989745,-1.7763568394002505e-15,-3.07740127316907e-14,1.4741444940915742e-14,-8.881784197001252e-16
905.0754724652787,0.2358671644007091,0.34948066925825366,1.0893693129828945,0.8601209112423002,0.7148371905311367,0.9013209713809301,4.521218460430133,0.6011017327940116,0.028178060879380944,0.04584510505296079,0.005212286454583258,0.2851628094688633,7.407173788184572e-05,2.073911513109759e-08,0.006320689448883359,0.028042293866282087,2.8066438062523957e-13,-1.2212221419854936e-12,2.2648261501605023e-13,1.5543122344752192e-15
777.975954684181,0.02527512733695736,0.2743114235585069,3.5724102628721863,3.7031503503569834,0.0014775149065636706,0.9579581124642568,0.604153459457627,0.0013205041040220357,2.2402740842788673e-05,9.486735158876292e-05,2.1300246988622516e-08,0.9985224850934363,4.785193991901355e-14,1.5129613402146387e-20,3.875368943060722e-07,3.435127337434083e-05,2.220446049250313e-16,7.705710611435556e-16,9.69900460528199e-16,6.661338147750939e-16
886.5545024641897,0.03292845451470807,0.5286784118864305,2.837017867199173,2.818035518021236,0.06126622926484637,0.9538097376052664,1.550528304497722,0.05451854643378374,0.0011128079954863788,0.003919917398493508,4.7961006698679165e-05,0.9387337707351536,7.351634806568465e-09,1.1113641427565419e-13,0.0001744904058155525,0.0014431916492243595,-2.6645352591003757e-14,-2.4020580631783752e-15,4.491461770988963e-14,0.0
761.6387915902552,0.19785802592195773,0.38556940925862754,4.5445205747553645,3.513581922713232,0.008339035694263752,0.9620482795666624,0.5855015087334856,0.007484694259010218,0.00011361374046836773,0.0005380150418207185,5.193804276716314e-07,0.9916609643057362,2.1172196652828398e-11,7.89025355013875e-17,3.372814330369612e-06,0.00019543187849492912,-9.992007221626409e-16,-3.6564808985217983e-16,3.105138694667198e-15,4.440892098500626e-16
955.0869924530832,1.461771151995328,0.3034583296980712,3.585735231398286,3.196192988361304,0.9024554335693576,0.7073361049834334,5.111229243152684,0.5955427681831956,0.12314058759122347,0.0526595643740927,0.016357542434758218,0.09754456643064234,0.0011567073381741465,1.3434980932831082e-06,0.011934465157282102,0.1022411741675548,3.1308289294429414e-14,-1.5260919897030434e-13,3.7919107625328816e-14,-2.220446049250313e-16
883.1033758665458,0.22068383180432508,0.2674021926426287,1.984596435707589,2.336148842241001,0.2986714217496801,0.9364337303338559,2.4648186978408737,0.26093484751658963,0.007790239438118124,0.01902017381200773,0.0006483317158367098,0.7013285782503199,1.6493947299460508e-06,1.0147693096698848e-10,0.0027514981726892013,0.007472140339986413,-7.971401316808624e-14,3.510099453054068e-13,-7.40002307843366e-14,2.220446049250313e-16
757.4371487010189,0.23157532015511634,0.649115285327308,4.076097229334204,3.0325221618793377,0.011410967019874985,0.9676674995299571,0.6431629090914684,0.010301725408627034,0.00013313208215626662,0.0007405112571240485,8.996633946414384e-07,0.988589032980125,7.795183110412722e-11,5.257928979133757e-16,4.944613401652984e-06,0.0002260514907204453,-3.774758283725532e-15,-1.7400420547508416e-15,6.557966686078255e-15,4.440892098500626e-16
961.3642033681172,0.0684327198236577,0.6553986275143416,4.725991643457498,2.710047783834845,0.5090372062729727,0.9151515185640762,4.0965142721682035,0.43461418418499315,0.01793651423344355,0.032292607721976535,0.003504374937283394,0.4909627937270274,3.038292885792348e-05,9.10294485557447e-09,0.0069052407586369415,0.013581413299740875,-1.3655743202889425e-13,6.849049990078277e-13,-1.3659996890163416e-13,2.220446049250313e-16
904.4207346223446,0.8420330279536762,0.46896226181590045,2.641209230736151,3.682989228129141,0.676821883320629,0.8919064959745617,4.371169292166128,0.5631901929130143,0.03074167333341711,0.04274060458497205,0.004125048594278797,0.323178116679371,0.00011761164362392573,5.1423183503383586e-08,0.008922843739594413,0.02691888159502861,3.8058445284150366e-13,-1.832226324121886e-12,3.904625478792194e-13,1.5543122344752192e-15
803.5208838541189,0.046771405451548835,0.20304065285529982,4.250860703477391,1.1985450301048595,0.0145947269242509,0.952178328272366,0.7621364232168267,0.012965092830929534,0.0002528470342436369,0.0009320905317646207,2.1057668512666866e-06,0.9854052730757491,5.7411300767241754e-11,1.5770988800456054e-16,1.2346154136346312e-05,0.0004227782751544811,6.661338147750939e-15,2.926094949370909e-15,-2.9810513656925936e-14,4.440892098500626e-16
817.164814863325,0.027512962134979568,0.6596777989912522,4.8022809148316385,0.7404321644079971,0.024585101165474743,0.9604349918189996,1.0481661936778675,0.022029332536284665,0.00035973477811138555,0.0015836171241952596,5.853367824455248e-06,0.9754148988345253,6.556887033002944e-10,6.504839442720806e-15,2.6456795086273657e-05,0.000568399241807789,-1.1324274851176597e-14,-2.3822722785088063e-15,1.5930752360550876e-14,-2.220446049250313e-16
842.966878173857,0.07563873468596932,0.3820427587926133,2.6144372138741856,2.9411232998460464,0.03895716184427289,0.9562364149745046,1.1401185347696414,0.034754732680195195,0.0006433427288811218,0.0024989921276666704,1.6427514000972888e-05,0.9610428381557271,1.5406817099263345e-09,1.2784352474956953e-14,6.878351944295165e-05,0.0009525905638333244,5.10702591327572e-15,-4.883197150168073e-16,-1.4798511058461848e-14,2.220446049250313e-16
890.4675882634765,0.11485914929976423,0.04421445690998722,4.414600214182158,1.398633135992401,0.24647293283641092,0.91648574094531,2.1153665203767646,0.21074452941126498,0.00828123217484168,0.015358721277886534,0.0003696396674705735,0.7535270671635891,2.622132409431121e-07,3.30797941519905e-12,0.0029959384190007643,0.008689521541711445,-1.3378187446733136e-13,5.446729339791053e-13,-1.4479298165838757e-13,-4.440892098500626e-16
970.5692234544509,0.9206902555499934,0.5554196841044273,1.436206427751181,3.6234078689924205,0.9379861637565731,0.7991758447831696,6.049523026608112,0.6993589635052331,0.06594193710034602,0.061232876204287766,0.028137497803949238,0.06201383624342696,0.0010126495916445008,1.1779084506865193e-06,0.006742794670376621,0.07595828874511716,5.482281295599023e-13,-2.622522295938608e-12,5.166184853876003e-13,1.3322676295501878e-15
758.0893250953708,0.9532432566609332,0.1839243777581016,4.1290892488112885,3.28245501851682,0.032259441809160516,0.9548740712887196,0.6267185252345014,0.02873851436993189,0.0005155447139875617,0.0020702861380892516,5.886302486632226e-06,0.9677405581908395,1.6631917896100113e-09,1.875118888467012e-14,4.479329715812021e-05,0.0008813625098753017,4.884981308350689e-15,-1.074301063450254e-15,-1.6273624339014524e-14,8.881784197001252e-16
896.8546983580004,0.7172271938760423,0.06066932558161219,4.124274979479193,2.186330766226176,0.6119935452613053,0.8596328115065432,3.6847556510117676,0.4908188007900202,0.04035823952176514,0.036839057466526576,0.001763292546734967,0.38800645473869466,2.0624388540746497e-05,1.6075268406142508e-09,0.013861156480872244,0.02830351143989049,2.886579864025407e-15,-2.0620231785777492e-14,4.042722484687477e-14,0.0
867.6676841191372,0.274265660333368,0.21187295374635715,1.6240468037577553,3.9016504585615928,0.16781572144245227,0.9452134754749796,1.767439889165354,0.14798711830067618,0.003659253305430924,0.010705970852357952,0.00021573657265087562,0.8321842785575477,1.4796692891036186e-07,3.5048259641585628e-12,0.000995409680241968,0.004211848348717712,-2.942091015256665e-14,1.398351316949759e-13,-3.8770598440766465e-14,8.881784197001252e-16
803.9156603456547,0.279112463607569,0.6168379865535876,4.4985352169457045,0.7883113905977878,0.1322855762937013,0.952347525488415,1.447716601886756,0.11753556947716164,0.002353420277732113,0.008500201636980493,0.00010430043743523021,0.8677144237062987,3.5241360410333364e-07,2.8176810587106407e-11,0.000600931771537409,0.0031770846879708987,-1.5765166949677223e-14,4.364183720821254e-14,4.313203496497508e-15,1.3322676295501878e-15
960.7004800058035,0.06990155637625552,0.5801245427682401,3.3555929601269097,1.0654045390480391,0.7221672161412411,0.8848494998767165,4.99666958122081,0.5961678384782134,0.0334720154700585,0.04587305540599511,0.008021968785965101,0.2778327838587588,0.00016036916935449212,8.533178310148586e-08,0.009488800264023992,0.028843848144275236,-1.346700528870315e-13,5.875197535450215e-13,-9.332848885393482e-14,2.220446049250313e-16
845.2209325575885,0.032558083064585644,0.3121206490813421,2.0410289893886677,1.1849488449742467,0.038392195274258856,0.9549981627328236,1.1175147853797187,0.03420635877309034,0.0006573822527636816,0.0024588969487619326,1.639999164805118e-05,0.9616078047257411,1.1305725782960444e-09,7.140733913139552e-15,7.241037883217695e-05,0.0009556804297979415,-8.881784197001252e-16,4.036050120674198e-15,-8.524100434258831e-16,4.440892098500626e-16
766.9902483185109,0.6504479274602429,0.05816468051438509,1.8555154336243058,3.5873021860084804,0.02474932994572776,0.9566155365657931,0.5998343905073286,0.022088297350528783,0.0003861151487989728,0.0015894952358765288,4.337932391942829e-06,0.9752506700542722,1.4187934639441846e-10,2.723111995080752e-16,2.5630679595905474e-05,0.0006507870500528986,-3.3306690738754696e-16,-5.735574006481113e-16,4.431221181084713e-15,4.440892098500626e-16
889.9024560874248,0.9139518366694168,0.6077138597263319,3.7742250888890765,2.8476847198657436,0.6458505055671991,0.8878370537845445,4.204619562687562,0.534966558759153,0.0312757366786647,0.04042056628366192,0.0032355135082927844,0.35414949443280086,0.00015869826574471758,9.631500705993232e-08,0.010052334371865722,0.02568014935426586,4.551914400963142e-14,-2.6350817801797176e-13,6.763950211092926e-14,8.881784197001252e-16
903.5195124171682,0.02796109947402798,0.4575207389175722,1.2317097355349487,3.936644137114827,0.05532645879906828,0.9532935897540965,1.577168476748628,0.049206322774672455,0.0010842677969034444,0.0035294432098301556,4.36171132294945e-05,0.9446735412009317,3.5042316153948256e-09,3.291696069352265e-14,0.00019185485614158445,0.0011796546555709838,2.2870594307278225e-14,-1.2283116127144348e-13,3.2128655874378786e-14,6.661338147750939e-16
973.6787460757273,0.04224633499773532,0.1968066430457069,4.1494841970252265,3.4814476350862513,0.3422847483845155,0.9156948640806918,3.04387874816373,0.29241502976454653,0.012254997667451736,0.021389024883426443,0.0013340747538495186,0.6577152516154845,1.8468665920966685e-06,1.0050269413179494e-10,0.004736878275310554,0.010019849451136051,-1.9773072068574038e-13,8.260039313754447e-13,-1.4785954721227533e-13,4.440892098500626e-16
767.5242462996462,0.03504715657893631,0.2970696382028236,1.582118538769537,1.0812487028697038,0.004553009598738056,0.964763870750156,0.5742214740746708,0.004098084997273368,5.8681216519986655e-05,0.0002943918199996304,2.0567927272521138e-07,0.9954469904012619,1.3065768714164037e-12,1.042473957610774e-18,1.6845616762865168e-06,9.393573583240087e-05,0.0,3.8109888446609985e-16,-2.7987416692838424e-15,0.0
912.7905308789261,0.1280592114297101,0.5614940236298408,1.5941748591731781,2.6576891734917374,0.36945567737932594,0.9398247219882448,3.130259722067079,0.32394447266781584,0.009323264903012435,0.023697902314975098,0.001472492385612295,0.6305443226206741,4.93150620378367e-06,6.420637747686548e-10,0.0032406123204224203,0.007665353473979646,3.028688411177427e-13,-1.3147083531015575e-12,2.1038215117057665e-13,-1.1102230246251565e-16
839.2004792960006,0.02047702103359482,0.33636235965254613,2.7601524413302707,0.9759597953706065,0.024435731238916736,0.9550975184706756,1.0341851938767403,0.021773809605954413,0.00041085549477983734,0.0015646669415284849,6.8577119924147386e-06,0.9755642687610833,2.908448015620339e-10,1.3140889488520845e-15,3.375940957669662e-05,0.0006260866437492452,-9.992007221626409e-16,3.740807317893428e-16,5.141348294828238e-15,2.220446049250313e-16
773.9987178497892,0.0831385615581597,0.2710618592400655,4.509625628598982,0.5837428059535947,0.018507843606956342,0.9560049254578674,0.6616324763792607,0.01650734831995014,0.00029292223471176525,0.001187315323895123,2.6766050523524945e-06,0.9814921563930437,2.1590992236799898e-10,1.2604926701347065e-15,1.5851868190487402e-05,0.0004975290028625436,-5.551115123125783e-16,-7.71781687129884e-16,2.5765107236279066e-15,2.220446049250313e-16
753.3991941550494,0.03451883925809345,0.5721183668156203,4.692343996427435,2.867744211029178,0.0014560270866083025,0.9651346791561243,0.5564121309510636,0.0013110484450559153,1.8274267384080356e-05,9.419758140041458e-05,1.523476847817269e-08,0.9985439729133917,9.625307790945732e-14,6.725159569103641e-20,2.480154249522909e-07,2.9222518246002223e-05,-5.662137425588298e-15,-2.3580198221196898e-15,1.0230758899429392e-14,4.440892098500626e-16
799.8918172665145,0.07768694690096618,0.3650814381873765,1.6858342711876757,3.65337126151109,0.00993357799551331,0.9634681176372776,0.780180093907073,0.00892903280426126,0.0001346293585947207,0.0006413850858541466,1.0570532214680753e-06,0.9900664220044867,1.63817165978655e-11,3.019243936500434e-17,6.3669499481942e-06,0.0002092852885673097,1.0658141036401503e-14,-8.612624886853189e-16,-2.987893844096395e-14,0.0
835.5466513637205,0.023079690042167828,0.5477194699656006,3.328572679332348,1.8391827026069079,0.016277585324965482,0.959795223759746,1.0692384564524469,0.014575717067039575,0.0002449456624099959,0.0010470160117362589,3.057321376467807e-06,0.9837224146750345,1.1188754204786438e-10,4.865565280651324e-16,1.627948594460476e-05,0.0003719667457874937,-1.5987211554602254e-14,-3.857468245213311e-15,2.744487948742299e-14,2.220446049250313e-16
818.2905189748817,0.06262102974648767,0.5149898777849242,4.756642841290276,2.6244825864577956,0.01867078427953084,0.9585077601981169,0.9714720074674783,0.016696273838814706,0.0002843991136703815,0.0012000978989185904,3.441527579327984e-06,0.9813292157204692,2.2715919513856105e-10,1.4570659078025814e-15,1.729927096406699e-05,0.0004580511028520974,1.3322676295501878e-15,-5.753042803968724e-16,-4.907903012051466e-15,-7.771561172376096e-16
990.6799720430381,0.6274176918984316,0.17738810976638011,1.4598497476168328,3.404610621142103,0.9408464293210697,0.7822694742054922,5.7899002746504,0.6866516833352833,0.07615863144423207,0.06031667511400888,0.025485432616654702,0.059153570678930345,0.00038405441890393486,1.6188842246635357e-07,0.007896594717469226,0.0840875434825849,-2.275957200481571e-13,9.962093470779129e-13,-2.390378926007341e-13,4.440892098500626e-16
770.1231188513298,0.20240274592817262,0.6692609417058399,4.471423977142875,2.8067049893322724,0.015157485888489086,0.9659752265430744,0.737580519237281,0.013660120353691229,0.0001866701091088361,0.0009820352510026716,1.6787451556305838e-06,0.9848425141115109,1.929839028727083e-10,1.6689210109889333e-15,8.674708654673219e-06,0.0003136031513907187,1.9984014443252818e-15,2.157287854317385e-16,-3.1802815249837863e-15,0.0
928.940332464929,0.3178279955476073,0.4629350805966504,3.2317109692653934,1.3316499465210265,0.7867343166273089,0.8524205839520947,4.937790837391713,0.6256671984380109,0.049276856503090966,0.0490555549187409,0.0075886389267685464,0.21326568337269117,0.000322437341254196,2.1909532313609593e-07,0.01102473415345429,0.0438108531598572,1.1124434706744069e-13,-5.43117542728294e-13,1.1393683814469662e-13,-5.551115123125783e-16
761.1003393088686,0.21402272969446723,0.5337446204607323,1.1203329143101832,3.93003860758743,0.009959765434691126,0.9722477149157746,0.6282057805911769,0.009034152263894394,0.00010246855046904381,0.0006490489869524151,8.627441730604291e-07,0.9900402345653089,2.380115912715595e-11,6.450786750268786e-17,4.135754880383354e-06,0.00016209027835942296,-1.3322676295501878e-15,-6.848107230334629e-16,2.990809827455099e-15,4.440892098500626e-16
884.7062332684623,0.19891452783381455,0.37466577563038006,1.4074546162671064,3.883629261808251,0.2098351731403476,0.9477173083163166,2.1342709812113916,0.18553184543991635,0.00451626069674859,0.013436950892075847,0.00040017246729317694,0.7901648268596524,4.31612058378689e-07,1.9284931220039947e-11,0.001350930082176015,0.004535562690650771,-5.1514348342607263e-14,2.2379757297831604e-13,-4.5092131113280144e-14,-4.440892098500626e-16
829.7749280737487,0.038568083212261385,0.4800194654278167,2.9181926751450242,0.7134368931492212,0.04815918350566828,0.9581418507569365,1.154760519544363,0.04304971592282686,0.0007596617503945817,0.0030971026359237265,2.2880594975792753e-05,0.9518408164943317,4.2091775988110555e-09,5.6575178805463493e-14,9.057381229216069e-05,0.0011216068714294735,-7.771561172376096e-16,3.3179072589583704e-14,-1.6766313774302312e-14,1.1102230246251565e-15
906.5024509213132,0.9297891314573072,0.34132518974011916,2.219424684957044,3.9417907381488266,0.6913038172891335,0.8892194179543994,4.366663092724995,0.5735077055909568,0.03235143478721652,0.043607124085911844,0.004153981993515227,0.3086961827108665,9.284674214084904e-05,3.0628543642513135e-08,0.008854889046709712,0.028680828923383125,1.2612133559741778e-13,-5.907956308173039e-13,1.3348525618961575e-13,2.220446049250313e-16
898.3113849660741,1.264938838431583,0.18046267326115242,3.444363063714031,3.6747059069829215,0.6694342943766987,0.8634583582219604,4.039310620446967,0.5392755362708512,0.04207147978669605,0.040851767839291106,0.002711855394779746,0.3305657056233013,7.432949775508902e-05,1.751947454220502e-08,0.012578975241688212,0.03184160350185509,-1.8096635301390052e-14,5.098409482058104e-14,1.8244370395090053e-14,6.661338147750939e-16
805.5327812386,0.03190468285537674,0.6972872309910435,2.7962835137453874,1.9966440120749984,0.009596947733763517,0.9661601180012883,0.9259057574814663,0.008650547605510782,0.00012085087113292895,0.0006213511966062904,9.546679537719859e-07,0.9904030522662365,2.4842370931847808e-11,7.563236805246444e-17,5.717090300939734e-06,0.0001854472684682074,6.661338147750939e-15,6.399153392239913e-15,-1.1637486402284705e-14,2.220446049250313e-16
866.1049610009893,0.044929404183453335,0.3945123211870673,3.1314188526329017,1.698566351604924,0.07038787282922676,0.9514516601268871,1.4094201683339456,0.062480706761866886,0.0013108805935870863,0.004498332466092883,5.3396552566878126e-05,0.9296121271707732,1.1816432702162305e-08,1.907055044374486e-13,0.00020875729595271633,0.0018041646568850564,-6.861178292183467e-14,3.1256740236547307e-13,-6.474134552439747e-14,0.0
943.6376629973836,0.4194383488745106,0.6299330197793316,2.379394750943406,0.5996955454157868,0.9245755584973355,0.7508633635794257,5.663961637255794,0.6476862653796996,0.09143700128447199,0.0582709062730689,0.023154595376510878,0.07542444150266445,0.0018069055079154564,3.2949776531659024e-06,0.008410883917440885,0.0946959085426329,-4.950484466803573e-13,2.3496447866206327e-12,-4.2932291426301026e-13,1.5543122344752192e-15
963.4299878402367,0.1721876117901454,0.07222410621017522,2.863731238993168,1.981003918297387,0.7503573167054804,0.8584317621915478,4.671107769583642,0.6009457450008594,0.0463297533418958,0.046418312854519715,0.006033393862846163,0.2496426832945195,3.4356869394901354e-05,3.129493159037477e-09,0.011990986122581811,0.03854145996325286,4.063416270128073e-14,-1.6266149530722336e-13,3.1657134321871405e-14,0.0
990.1874869584365,0.08954991079511916,0.6952766473258902,4.140504745129695,2.262461948697823,0.7814805995268999,0.8679801828072427,5.5403630268140525,0.6328333749328651,0.04034364764732401,0.0497389765066384,0.01250826821610813,0.21851940047310017,0.00030615145540081103,2.3646821510165124e-07,0.010430317314211368,0.03516129026379882,8.975042931069765e-13,-2.9878264804192166e-12,1.9190414448119307e-13,6.661338147750939e-16
757.2585803414653,0.02334445632657453,0.3686209788791579,2.9316242319518064,1.5693929041903332,0.0016722322683991875,0.963860023248695,0.5287980237867835,0.0015037371602822766,2.1827933420631146e-05,0.00010803452050002725,2.42838165605452e-08,0.9983277677316008,8.656212239880349e-14,3.919898178166135e-20,3.5973751522441476e-07,3.4507362200453285e-05,-1.887379141862766e-15,2.33389219861415e-15,2.1652710340565855e-15,2.220446049250313e-16
819.2373522635831,0.13180373247293847,0.6038822411361175,2.0787183466086345,0.7660976002890809,0.11483720933241182,0.9599700224664617,1.4536114949200385,0.10284937714911287,0.0017668058134781045,0.007420800831852665,0.00010234814608135695,0.8851627906675882,1.0943167117749384e-07,4.579324451749128e-12,0.00037682504294326717,0.0023012887204648825,-2.057243264630415e-13,1.0308951625268672e-12,-2.077306109643074e-13,6.661338147750939e-16
844.7753234751762,0.026564097221797655,0.04355718041950273,4.848140163465635,1.9929536995058428,0.014731926022370834,0.938533889844558,0.8855038216338266,0.01289943989391605,0.0003287866339952335,0.0009273102902623259,2.711025716468176e-06,0.9852680739776292,1.2967819477892926e-11,7.820437833940527e-18,1.7916813836091355e-05,0.0005422103655050923,1.3322676295501878e-15,-2.890543280227556e-15,-6.680813782904256e-15,0.0
767.6779284018952,1.1244791608751057,0.4786828177266445,3.1431936374828915,2.9785988655322453,0.0657035808648534,0.9614521094668435,0.9044368324157327,0.058935647672892305,0.0009142189366144045,0.0042491499814741795,2.311660648767111e-05,0.9342964191351466,2.8204182196746964e-08,1.001463850316588e-12,0.00013889977335907665,0.0014368275437966799,-6.439293542825908e-15,-1.987237630687925e-15,1.3895149678710336e-14,2.220446049250313e-16
797.7263673657752,0.24895796205435053,0.5084928272214695,2.869705771662563,2.6650875767706617,0.04124933547573428,0.9625867568513046,0.9615004047367606,0.03704402797070712,0.0005690849186919206,0.002665523388746493,1.3813392117014368e-05,0.9587506645242657,3.431536218101034e-09,5.0972688336895626e-14,5.7504851699198896e-05,0.000889608833811457,-3.219646771412954e-15,1.153850630737095e-16,5.75544507167316e-15,6.661338147750939e-16
969.2495801243076,0.8686656347048275,0.5058949456689181,4.664117854329453,1.3077816512343308,0.9296152093420951,0.5885063627710659,5.114222302526857,0.5104059726866664,0.1846667181598029,0.05174892673146378,0.023480992015589376,0.07038479065790489,0.0038917782720950802,1.241807713081058e-05,0.011190711467237796,0.1464798557592824,4.973799150320701e-14,-2.519386750610363e-13,6.061102843750073e-14,1.9984014443252818e-15
975.5757932781773,0.12754556422199553,0.12282292934701257,4.090595620387093,3.0084774475313294,0.6642177676867587,0.8725136622949021,4.395744500242595,0.5406847112550908,0.037005010588846525,0.04105909485471419,0.004699568284173506,0.3357822323132413,3.032521628860813e-05,3.577498814546081e-09,0.012415122274915227,0.028225691666438735,-2.8888003100746573e-13,1.165435484311021e-12,-1.78302486913636e-13,4.440892098500626e-16
816.5904026759549,0.036261835125180865,0.49912835605193706,1.6426877632990282,3.4130733541796547,0.008434347000046638,0.9638529045455411,0.9096182205475016,0.007584441213250102,0.00011500076596584032,0.0005445540845181999,8.328238978551945e-07,0.9915656529999534,1.0818647977574568e-11,1.827181611952053e-17,6.126621622426781e-06,0.00016569499943990798,-1.887379141862766e-15,1.0427002542047216e-15,4.264310337196826e-15,4.440892098500626e-16
982.6689975131733,4.586119215209822,0.019531529253282054,2.980744517260513,2.609029078361685,0.9712483981015162,0.34720351444790226,3.990698751210649,0.3146123687571265,0.3296122950713886,0.045736935492254244,0.026096623694249758,0.02875160189848385,0.00041259878587174254,1.369541718239138e-07,0.008360091047996539,0.24666534497760928,1.3788969965844444e-13,-5.593945900416863e-13,1.606947871498831e-13,0.0
1131.9968219059092,0.6420940861183098,0.2599849306327485,2.79505890980893,1.262808802184736,0.9971814336330752,0.17228439716795246,6.069944853548276,0.16028079799840508,0.3062120972211801,0.06762884116225691,0.12028999424085668,0.0028185663669248397,0.013534767952927084,0.00010843316556459114,0.009713582280363233,0.32808910744866204,8.881784197001252e-16,-1.797587700865975e-14,1.2663918041139934e-14,2.220446049250313e-16
1109.6704247687487,7.117500797878362,0.33436697170940277,4.7528817153620135,0.649102873425689,0.998474190706034,0.03471455306709094,4.325009904706491,0.03233774903318507,0.45530894083159507,0.05834805719670571,0.014646005759035364,0.0015258092939659561,0.06876308853480073,0.010284596655965927,0.002267882357009282,0.40915633097526527,-1.8762769116165146e-14,8.49958134450894e-14,-1.849995384187909e-14,-2.220446049250313e-16
954.9370036079939,15.61327257012529,0.5257920870814369,1.1000243433305144,1.2326148923307036,0.9922926300338052,0.24267523158662635,4.572658074892451,0.2246604285942571,0.32564048999894357,0.05903014751384087,0.051437665653328205,0.007707369966194794,0.013763993656507661,0.00015757551781901601,0.00498320028014898,0.321516043447186,-3.2307490016592055e-14,1.2288621871463465e-13,-1.4294713837898508e-14,0.0
1095.3485531626816,12.792746938524788,0.5183492301165395,4.935406914203041,1.1504385837575566,0.9984358952913585,0.03452461321903611,4.381129386014016,0.032159580317861515,0.47571982972663196,0.05667230058042641,0.01354693287119607,0.0015641047086415237,0.0828750112614458,0.017602972750389398,0.002187124038341663,0.3853855979275072,-1.865174681370263e-14,1.291407837957216e-13,-3.7982217938959134e-14,8.881784197001252e-16
1094.5457130766736,1.419860038265702,0.37650530700496376,2.7637616473438578,3.9240949631917696,0.99326988703038,0.3244209394418651,6.379947838910521,0.30063359574475806,0.24612063243813245,0.06681743122064139,0.11424754420628187,0.006730112969619969,0.009625232288379772,5.252669894666366e-05,0.009558708657841116,0.25226548951045136,-8.059108935754011e-13,3.727292732268702e-12,-7.887900601305217e-13,-3.3306690738754696e-16
962.6898991565384,1.7936613782968478,0.5669958131385201,2.8846766926662344,3.0526296988491635,0.9388575677864621,0.6778917890066302,5.5980262640956795,0.5937743725352327,0.1279626089433412,0.05745219586876718,0.02822343190077655,0.06114243221353785,0.002736166782223963,6.466991995178988e-06,0.009053100273862533,0.12114934234226105,-5.500044863993026e-13,2.7701495616600353e-12,-5.816178660528612e-13,2.220446049250313e-16
1071.032821787615,2.56191895475635,0.31728525036292826,4.073743321492454,2.744141221211183,0.9936816402499632,0.1763030558395786,4.643022812156682,0.16344380724114768,0.3890086999798886,0.051443027130131526,0.05226390345517052,0.006318359750036835,0.01444943668075813,0.00015641972217905512,0.007972609846480233,0.3242846067855486,-1.021405182655144e-14,3.875210395777304e-14,-6.079378490067846e-15,2.220446049250313e-16
1116.9828291070814,9.039506880310284,0.3825009931710488,1.551945875686779,3.911087941237426,0.9990342841846267,0.07572403978680751,5.67998606079406,0.07057900505464632,0.33709714909753946,0.0720519513084582,0.09245644742261792,0.0009657158153733056,0.034079278383048466,0.0009249341887813338,0.0065345486490073984,0.40789890452726674,-5.221378884812111e-13,2.4490188347540057e-12,-5.336731944733009e-13,0.0
1086.3826642092745,3.3559216681736213,0.19217547933031381,3.8430464036034264,0.8473449235176178,0.9980812726038703,0.0477270885908799,3.7173794212894102,0.04444185868427545,0.47761662975231267,0.046100355654120614,0.019724439198884565,0.0019187273961296981,0.021590871412748732,0.0006264756014208882,0.0037306868409582505,0.39863351297796473,1.0880185641326534e-14,-1.9725277287049955e-13,2.0558884192330334e-13,0.0
959.9047066886862,5.25053151892443,0.5836536572871268,1.2267961480375176,0.6301976503082856,0.9891355167063262,0.3209007841961975,5.070727418510477,0.2961337725057435,0.2739826116705342,0.06234344863248234,0.059875446564564554,0.010864483293673817,0.012073094559060117,0.00010636343014496118,0.005548271654456685,0.28680151819893174,3.3306690738754696e-15,-3.0394001086191355e-14,1.1510050542942257e-14,4.440892098500626e-16
1038.805061064048,1.7500549864787796,0.26491382295606075,1.5915821864425033,0.9181340641069133,0.9939922124541759,0.2707992097447071,5.499622527987931,0.2511260346525872,0.27830057731172164,0.06500119161519509,0.0911096807964181,0.006007787545824071,0.007799367610058837,3.84806886187812e-05,0.007460722493800788,0.29811656214982823,5.040412531798211e-14,-2.1171158487033338e-13,3.678273962318369e-14,2.220446049250313e-16
1050.1875360293418,0.346226990811453,0.41286235489048667,4.389627163290385,2.6315298748867644,0.9647910089136337,0.6093226475349728,6.167284033475582,0.5484561775516572,0.15063817337213373,0.06002777636790298,0.052860261301574035,0.035208991086366326,0.0032213983610647544,7.170256144379856e-06,0.010804161002428574,0.14057238521581608,-4.207745263329343e-14,1.1496059915591774e-13,1.6754795139438072e-14,1.1102230246251565e-15
972.6593016047647,13.49377753448015,0.5786022776897793,3.305171867093766,3.6653368773845334,0.9832412868661049,0.24928905758375106,4.123813912695102,0.22867815881982512,0.3815731356818812,0.04649244377657366,0.02824169198878221,0.016758713133895112,0.015558820187595164,0.00021600526657568675,0.0062896877606370555,0.2862639865242103,4.6407322429331543e-14,-2.477002582313171e-13,6.06966681451345e-14,1.1102230246251565e-15
1031.4036017459791,11.147563803455789,0.6807332805428885,2.5791836482051793,1.3516958002098505,0.9979999331736593,0.06565014450223225,4.166165772099454,0.061126223228484725,0.4588714394997071,0.051173643433551304,0.025980311665721734,0.0020000668263407007,0.04505048891395322,0.002718410625213801,0.0035634259545904946,0.38068976732538584,1.3100631690576847e-14,-1.3055586848434317e-13,4.475067214578358e-14,6.661338147750939e-16
939.3309793590365,0.33656807785459775,0.02286459563065974,1.785931813806997,1.8166138768497055,0.7763444247620244,0.860276642662023,4.650630125830939,0.6230945241306161,0.0469540638546586,0.04832554976142842,0.005653734436537517,0.22365557523797558,1.2314217284946394e-05,3.723574923367837e-10,0.01002360755348668,0.042237501829921226,-1.8851586958135158e-13,7.568693932693302e-13,-2.054499329572137e-13,-6.661338147750939e-16
1055.6001682844,2.6830852438076986,0.17765605163585266,1.9021582454008972,0.48170016232712987,0.997845691863535,0.08756390279521895,4.201577588010234,0.08151731403013236,0.4053006386673064,0.0559336048338253,0.04439405702840464,0.002154308136464985,0.013366584646727336,0.00016636161849562043,0.005109868487393496,0.40076194927158093,1.7763568394002505e-15,-1.0372966294800356e-14,5.241542337325437e-15,4.440892098500626e-16
928.9463278232561,1.2073860383931432,0.6273533801952149,2.859630706936354,2.8922956853982793,0.8666552534913616,0.8100757258700877,5.351191180522817,0.6549880207563575,0.06879306429819984,0.05398851245950875,0.012786658571502692,0.13334474650863842,0.0009420936692201928,1.2466043221533183e-06,0.00994949395869346,0.06554699904462653,2.220446049250313e-15,1.6678763841636312e-14,-1.1238405319185417e-14,-3.3306690738754696e-16
1043.522721933244,0.8794295074732065,0.6602151272506045,3.4730200836314533,3.153914982142001,0.9785186278002422,0.5321711378849234,6.440762688134654,0.4858271476824628,0.1738227067678847,0.06329391151352061,0.07214486860398478,0.021481372199757803,0.007175102518176866,3.244287097053928e-05,0.009033953129478276,0.17148848401188138,1.8207657603852567e-14,-1.5957734401461716e-13,4.85593243614889e-14,0.0
958.1771018844624,0.6998101791792325,0.5951447677849894,2.3727524149374855,1.5074666846477656,0.9326230138761268,0.7463765961502661,5.781335689162696,0.649419770135125,0.0928334084405169,0.05897545506370733,0.026053643781306056,0.06737698612387324,0.001788433832858614,3.14351201452027e-06,0.008387598147562366,0.09603947311452521,-9.136025269640413e-13,4.450684260683986e-12,-8.753084622088238e-13,-3.3306690738754696e-16
934.6309669529815,14.078978831261441,0.3641588366688183,3.7412821574614785,1.4811995525722914,0.9798236431488393,0.18317108659993084,2.9948577938494316,0.1674426933318152,0.4664434733047591,0.03431977062727186,0.011473549603904084,0.020176356851160676,0.011630014829859103,0.00015614479114868933,0.005435460464819683,0.29048543894740847,-1.5543122344752192e-15,-1.550934199190984e-14,1.6255870160907146e-14,2.220446049250313e-16
1124.000069992606,16.88574811136231,0.48451472800787304,3.3519247008843585,3.350050225346948,0.9988493710492965,0.038937966206611996,4.881656612749107,0.036285626749469925,0.42640251278507185,0.0636183800351932,0.02703801072880704,0.0011506289507034926,0.07338547966743258,0.009309932691289474,0.0031486117354302175,0.41445651902434255,-5.939693181744587e-14,3.056022202955549e-13,-7.056140246013031e-14,4.440892098500626e-16
1102.2404850295238,6.715757195139216,0.6746525065750479,1.7613437706822115,2.387256885172373,0.9989347849295027,0.08022188525597435,5.884550592227573,0.07476379962641726,0.3465676598438406,0.07215544177254846,0.08601003796189914,0.0010652150704972756,0.053600414290510524,0.0024037055656554304,0.006096954031414599,0.3936661388068223,1.0256240301487196e-12,-5.222165424275138e-12,1.0420916528544717e-12,0.0
913.7028592021095,2.755980501842661,0.3264454323298296,1.740474254259892,3.4391700409338535,0.8867322931007324,0.797083591512725,5.116938871187479,0.6594133851729173,0.07637352799356367,0.0549783439924489,0.011961826553895681,0.11326770689926753,0.0005809223282446801,4.446261452567092e-07,0.008598520650052585,0.07506662767051733,9.547918011776346e-15,-5.06114385335931e-14,1.589260445675408e-14,2.220446049250313e-16
1083.831558323837,2.3721061075828693,0.49059937879717586,1.3401340039684562,3.121802448073197,0.9968012955624601,0.30648407013597345,7.121466933004217,0.2850216597886266,0.2080881177426958,0.07637332592313105,0.16320251391716178,0.003198704437539851,0.011885788535469215,7.717176929720951e-05,0.008445749025551513,0.25119546761942946,-3.3950620093037287e-13,1.6331413192640477e-12,-3.3582272457250836e-13,4.440892098500626e-16
1004.7490562104773,0.5411204779089392,0.6459900292970976,4.246739512345236,1.6203135616891362,0.9539554733431718,0.6086118255467267,5.906307705471288,0.5416638537692583,0.1571113877001255,0.0581421271973868,0.04094783815950635,0.04604452665682821,0.004797798585407229,1.696782597660428e-05,0.009942285383199172,0.14408731216781506,1.234568003383174e-13,-5.703749105416756e-13,1.006987566231639e-13,-3.3306690738754696e-16
948.8978677920104,9.80458498024533,0.1469240418894786,3.564294091403591,0.523533551105178,0.9920121893303637,0.08437584577945417,2.4372702941135103,0.0780901959027827,0.5359632378251644,0.029718125460792024,0.007432257765909492,0.007987810669636223,0.007719883920171087,8.955704572980694e-05,0.0034768580738332145,0.334555226539441,-1.404432126150823e-13,5.947207182547553e-13,-1.1736455756440776e-13,1.3322676295501878e-15
933.0307945168007,2.0769247282244576,0.35482805448272275,3.5202874418419134,2.5261562800768025,0.8916296745599064,0.6917597280135152,4.874900074206151,0.5754414659663546,0.1341573029112561,0.05071002643810635,0.013411400058394102,0.10837032544009365,0.0014422809976351741,2.1260838918866533e-06,0.011908192502874037,0.10531591784269044,-3.2862601528904634e-14,1.0347302369719348e-13,1.8745331201714238e-15,-1.1102230246251565e-16
1071.953118760291,0.6796450677418203,0.22329403446623844,2.012851877309621,1.4221845007174951,0.9916552538380813,0.39173105333694186,6.2193492507317805,0.3624182692454972,0.21497329583488198,0.06709866185132102,0.10522632812645759,0.008344746161918697,0.004382408472253495,1.1012571923021392e-05,0.008909931514342244,0.23134531564874722,-3.808064974464287e-14,2.6149891199796385e-13,-1.4640552616534773e-13,4.440892098500626e-16
1057.78783060323,4.12507291910268,0.6029451213438106,2.490658634413953,3.7048241829003548,0.9943337220386843,0.24878044883382508,5.839883574848175,0.23078617004005905,0.2980658231166521,0.0640187647822597,0.09118032823800835,0.005666277961315664,0.01905367596049039,0.00023273460900227999,0.007961019037936038,0.2952999212101251,4.82236472976183e-12,-2.4107580180731807e-11,4.898192118749528e-12,0.0
1147.9813158861737,1.641550929425305,0.5855628050184669,4.837563712211722,2.0369302752154788,0.9981393936184558,0.07618131783690542,5.406830432682132,0.07094161024140484,0.4084597857704809,0.060233921838131775,0.054811913920297356,0.0018606063815442143,0.05356042570495925,0.002558773811016257,0.0066501704677144734,0.37738107648075836,-6.927791673660977e-14,2.9856045135030394e-13,-4.3845486201626286e-14,8.881784197001252e-16
952.6825724288452,5.822812631072842,0.4517019152683455,2.1681240697200628,3.2717319077552336,0.960718988402116,0.5368414704706634,5.112446316668255,0.48117582139343396,0.19884451395097638,0.056396786444826215,0.033604311487544496,0.03928101159788399,0.004282240387848897,1.4249087672120135e-05,0.007530200677868329,0.18147171064491205,4.574118861455645e-14,-1.514223528561663e-13,6.037303279453042e-15,4.440892098500626e-16
1091.0272040096759,0.36755192556556254,0.6513466427939413,2.9305103221727293,0.9848483091906257,0.9929620404623734,0.35549816195389256,6.969251177588543,0.329330057912102,0.2191969196109495,0.07009315671659361,0.12701554350883648,0.0070379595376267035,0.01442950514131157,0.00011359516245089137,0.009289374873007543,0.2325632687038116,-7.16093850883226e-14,3.274817291440904e-13,-5.024166135599529e-14,1.3322676295501878e-15
966.5262547215957,16.30159293803274,0.6120698971027554,2.5548361934648045,0.7926980443491218,0.9960402607468358,0.07780927672193663,3.3129801068642966,0.0723052173925096,0.4941292887784447,0.04156855961502435,0.01420527267866939,0.0039597392531641445,0.03026707765352051,0.0014315525719218324,0.0029026847594321678,0.35985477589496384,2.886579864025407e-15,-1.6122014314174936e-14,2.6080822856695003e-15,2.220446049250313e-16
1105.1318284220617,8.053128773030613,0.18460862144940546,2.078951936743622,1.8710069683908044,0.9988637976912407,0.04730461936770005,4.372873823297178,0.0440830048577773,0.4130397949651914,0.05890331704356387,0.0368449331266462,0.0011362023087593276,0.02292984942573423,0.0006194956127334748,0.00418178243348875,0.4334850638699254,-1.297850715786808e-13,5.353541886213549e-13,-9.583865838760641e-14,-2.220446049250313e-16
1058.981649474398,5.872946936379998,0.18614843747910484,1.0817359859190214,1.7723071374732235,0.9979734262785126,0.1493066425388173,5.384669909089976,0.13901429812784977,0.3107023702719365,0.06878032117199916,0.10462839348602804,0.0020265737214874378,0.009330580338761761,5.9519825376974236e-05,0.00698630866385471,0.36446425921029724,3.4505731605349865e-13,-1.5071639544751877e-12,3.5445682677146713e-13,0.0
1060.7563659490866,0.44662548582109557,0.1388031663649334,3.6324044164870384,2.007348150547228,0.9767843819836369,0.49181662362499756,5.6858199102903075,0.4481911487933452,0.20756046454865676,0.058790310465706305,0.06060783239155629,0.023215618016363047,0.0019340325276850584,2.3698787085541245e-06,0.010402557897383579,0.19043949524665787,2.2426505097428162e-13,-9.534006636497178e-13,2.1563746049949704e-13,0.0
1143.8416745156635,1.1074537147088748,0.42108794426342117,2.3211752223452833,1.913136049067597,0.9983129295315882,0.14387285357518564,6.70966651047558,0.1340006539784611,0.2882191512132535,0.07450273471222199,0.14789328499132587,0.0016870704684117796,0.024232612231211915,0.00034576282510718424,0.00951324544510362,0.3352975929241263,-4.991562718714704e-13,2.3956265664799335e-12,-5.210994034056075e-13,6.661338147750939e-16
1139.4234262374794,0.5872812239430661,0.12421432870263639,4.942727144727586,1.0179947890268843,0.9969166188190841,0.10282042876526071,4.604927598476761,0.09563120121754745,0.4122457585952754,0.052342398878350155,0.05342212761065258,0.0030833811809158505,0.010234762800445538,7.961255439824261e-05,0.00819892393649289,0.37135934313706315,8.659739592076221e-15,-5.566113586593054e-14,5.100401395366149e-14,8.881784197001252e-16
1052.3051674083797,7.619671255796693,0.469812160175671,1.2063055144701162,3.7332921823613656,0.9969819937094421,0.23277350084183615,6.217093276169098,0.21651212251612828,0.261624747724827,0.0722428431895323,0.12771805138582107,0.0030180062905578986,0.015046004427829248,0.00013838628371063555,0.0074606595641821495,0.30588011150771793,1.4810375148499588e-13,-7.433184422981383e-13,1.6408551734389471e-13,-6.661338147750939e-16
901.1955197503985,6.180095374199123,0.3415333083305777,3.0744545389552513,3.6049626614779124,0.8700760486505703,0.6888644553338783,4.5105347183724565,0.5591809329862798,0.14031277889950247,0.047898303078926854,0.009006867437646846,0.12992395134942963,0.001319715247771913,1.9288588307135675e-06,0.011856302920907004,0.10120921028650318,-2.7755575615628914e-15,-5.597645076868592e-15,1.421676757215548e-14,4.440892098500626e-16
904.7924336401879,8.456938932162881,0.4943028218113255,2.2395022367351807,1.9357284968294273,0.9339544344874755,0.5465417923298745,4.508528798504493,0.47622306928065894,0.21184428995241977,0.05055846397141905,0.017506077128756195,0.06604556551252454,0.004084044922668272,1.4960849768423434e-05,0.007845107366115862,0.16836256230182664,-4.04121180963557e-14,1.8053479341147568e-13,-3.000701818723282e-14,4.440892098500626e-16
910.7751459129884,5.008047290721613,0.4646641915882455,3.880059315068155,2.4615644131135554,0.8906532197958137,0.6035141606347361,4.409279252782087,0.5014844505808781,0.1901960495603578,0.04594880259302067,0.010851828377517367,0.10934678020418627,0.0028952772323810236,8.24285837334031e-06,0.011696993763326103,0.12925464050709545,-8.404388296412435e-14,3.857962224999673e-13,-7.300322374495768e-14,0.0
1100.4733376568772,22.090225922684454,0.23786440036150783,2.108502559414797,2.878226276480038,0.9989822722669127,0.03785187479288009,4.336980548176987,0.03527820997427273,0.42111550170773365,0.05999203756032982,0.027694747766736073,0.0010177277330872998,0.035531631439546546,0.0019761906088387603,0.0031519790534830145,0.4386878819591881,2.3092638912203256e-14,-9.334013673937398e-14,2.0832332186607844e-14,8.881784197001252e-16
965.8128852146788,2.4745614464759687,0.10016927119062113,3.926276247885511,1.8458034633960771,0.9462164324683139,0.44093170265659726,4.114290041283131,0.38924511947523877,0.28530142159470495,0.044423352828546835,0.018731088332037373,0.05378356753168611,0.0014360904543769051,1.7134849249309995e-06,0.010325485630600921,0.19762515561990757,-2.0539125955565396e-14,7.431401728207244e-14,-3.320064787274458e-16,-3.3306690738754696e-16
1011.9216903682832,0.9770912000471154,0.6303580124073005,4.456509991821462,3.779014392503986,0.9537908376333127,0.6154310332839279,5.9603210705121,0.5476384121955301,0.15423186724419038,0.05811875270959006,0.04142998471710587,0.04620916236668725,0.004541650638136983,1.526217836877091e-05,0.010271803795155639,0.1401226048104439,5.571099137569036e-13,-2.722726063082901e-12,5.258983695262024e-13,-3.3306690738754696e-16
1137.6356839067862,15.470149130291693,0.029123070079264953,1.6228418416033508,3.3641057527923808,0.999207969596545,0.03853259257813963,4.627060897633808,0.03592075731913084,0.36755804309569456,0.06668300837529599,0.04391798510881098,0.000792030403455033,0.005495990095580745,3.5012659954574546e-05,0.004028854417909891,0.47909238205203786,1.354472090042691e-14,-5.14212803593437e-14,-1.5701697831647913e-15,8.881784197001252e-16
1135.9707218030642,0.6178544664440131,0.4352036629090988,1.5092678151621512,1.1732058359566817,0.9983912801942123,0.20849062576115415,7.732106456155291,0.19419975455171093,0.21742269255205743,0.08234557620095775,0.21243968230417146,0.0016087198057877228,0.016351089896078273,0.0001387627139802291,0.009569555251224732,0.2763142986403254,-5.5067062021407764e-14,2.7838798985542536e-13,-6.220322981857397e-14,6.661338147750939e-16
1116.0024903849219,8.598291261965612,0.04465910680042298,4.269985536382556,2.832243406428513,0.9982025648993267,0.042075533559831894,3.679356438156998,0.03918408212265099,0.47092446662842574,0.04633646193668746,0.019088466828130903,0.0017974351006732907,0.007160863437035126,7.126890890475289e-05,0.0037671318390507854,0.4163093458746552,-5.551115123125783e-15,2.1232783332695633e-14,9.867040663876528e-15,1.3322676295501878e-15
1148.712358136905,9.134307916619607,0.06874488528723809,1.1342232820739975,3.2477557452859407,0.9993943221449167,0.04926107681612669,5.486414821567524,0.045930602601377296,0.3120701999216845,0.07638183694121316,0.08945926066586098,0.0006056778550832467,0.010063609831034746,8.464275147779627e-05,0.005794253132294144,0.4660976809423437,-5.4511950509095186e-14,2.2056562274924358e-13,-4.4144190167724e-14,2.220446049250313e-16
1140.7917023009868,10.665731065188433,0.45907039104214364,4.649142649896661,3.7565220494604037,0.9985934809420033,0.04159729329259708,4.839997997432304,0.03875387761323336,0.4392971995871465,0.060153032328855306,0.025979499272193066,0.0014065190579967165,0.07016541232841317,0.007903584542002105,0.0035313347028770197,0.404382883930253,1.3322676295501878e-14,5.6244212014155346e-14,-6.288130047886976e-14,2.220446049250313e-16
941.3862443150609,0.31165465871849257,0.4777595860918674,3.4281409093699122,1.3743167747590872,0.8263119506580241,0.8322987079552693,5.168158403226748,0.6416299368519934,0.05860753548341385,0.051334875613157686,0.010046684108890522,0.17368804934197596,0.00048624996048925824,4.0618199213747083e-07,0.011382800120467865,0.05291195699419459,-1.4155343563970746e-13,6.283388668450488e-13,-1.1179366745195207e-13,2.220446049250313e-16
1029.217365368439,0.5293743785078081,0.6660424002197383,1.4759136148958627,1.4636361221597147,0.9861409074496655,0.6382009410038829,6.882172770799674,0.5871617814993553,0.11126479347257073,0.06835976622531845,0.0809372234868748,0.013859092550334412,0.004033939235915581,1.0883509288332746e-05,0.007340519617110652,0.1293264375374344,2.8399504969911504e-13,-1.3800920463045181e-12,2.5844817092650336e-13,2.220446049250313e-16
937.38381570093,0.4680768505104086,0.6363117322028721,2.4174881426446033,2.3333291888333925,0.8268641611525522,0.8581596414005926,5.354527332372384,0.6620085818096475,0.04592224288512106,0.052691496650419285,0.011333734507659222,0.1731358388474477,0.00044785216647453624,3.955333652619956e-07,0.008689128725861627,0.04580511135490308,1.6764367671839864e-13,-1.0184697334194359e-12,2.523355286610755e-13,-4.440892098500626e-16
976.2564498813553,4.181750639310654,0.286848693301652,4.033133375245312,3.5338506209931007,0.9569350512487396,0.4276077748821709,4.440007669836605,0.38175911932374046,0.2830333886110493,0.04743267054784495,0.025171785636689804,0.04306494875126042,0.004358139480600896,1.5105379860778388e-05,0.009440618203506577,0.2084215042026619,-5.995204332975845e-15,-8.680604348528e-15,2.2955850455991018e-14,-8.881784197001252e-16
1053.861521809859,0.32148097848882023,0.2466695232095248,1.059846107813946,0.9679307611991053,0.9911306293501465,0.6099064226956358,6.673011037413038,0.5639693069026754,0.11876060214563638,0.0692139431933891,0.08804334743598057,0.008869370649853445,0.0017749603063433354,1.991339620890301e-06,0.008128712745198859,0.1422450832973475,8.815170815523743e-14,-3.8086374184657385e-13,7.738868560782341e-14,6.661338147750939e-16
996.0960712298573,1.0560337774967776,0.6984770452074428,1.929217396475865,1.978430103889212,0.9742586130720801,0.6430758651835362,6.363409541982459,0.5845179186303713,0.12299487726947665,0.06454585162100025,0.057224416174043224,0.025741386927919902,0.004179081807396705,1.2605373181795182e-05,0.007306833596156246,0.1358668784556017,-7.72937269744034e-13,3.771142166840816e-12,-6.991547464124224e-13,6.661338147750939e-16
979.2119925413924,6.499656187790429,0.280430155101814,2.2148143592498855,2.6927506044449503,0.9799503003232533,0.3561268979351015,4.586236507828916,0.3255893507164259,0.29591507512979337,0.05336470475066944,0.040213068706532816,0.020049699676746757,0.005477245911204954,2.2810681019905274e-05,0.0070941435313089125,0.2557308049463513,-1.6986412276764895e-14,4.36651525492628e-14,1.0910488293674725e-14,-3.3306690738754696e-16
907.8419526098422,3.6216566299515867,0.0622770461856141,3.1020384191151495,0.7199479932756694,0.9188524323129267,0.45390493611996213,3.552802057324244,0.389109684002088,0.29137661825658123,0.03945800191950122,0.008910219567294302,0.08114756768707336,0.0007492452844969561,5.368769294814718e-07,0.010303300284195197,0.17939859458452967,1.1168843627729075e-13,-4.664155432999668e-13,1.4538545341476214e-13,8.881784197001252e-16
1002.9353057211971,3.9131526182865604,0.38988401041175275,2.9412821934048266,2.2022826953929853,0.9841922409395507,0.3040369931416218,4.671320895051699,0.27916934668835985,0.324183015087214,0.05268668494506783,0.044127989268733375,0.01580775906044932,0.00954147991462366,6.808260237256912e-05,0.007382701439798762,0.2731149661960071,5.417888360170764e-14,-2.1944264150460072e-13,2.61015966586795e-14,-2.220446049250313e-16
916.9479118342447,0.38732149944074723,0.533568047980116,1.4157380298242177,1.120418200608148,0.8264905093316921,0.8708353061329237,5.195043934794988,0.6714833735990453,0.0407141401884681,0.05312220215475112,0.010113747373286745,0.17350949066830784,0.0003073030308388751,2.0311475594590984e-07,0.0068641409172271635,0.04390123655084353,5.702105454474804e-13,-2.7814553062001148e-12,5.688158931438413e-13,-1.1102230246251565e-16
923.0821475696047,1.156745679578862,0.01402936408415668,4.620060017155631,3.8100944549058333,0.7297690883639805,0.8085798284114187,4.155810680500003,0.5505157277502493,0.06960637983502983,0.042241633019445,0.0032707664944937194,0.2702309116360196,1.407963939098281e-05,4.1292170945847497e-10,0.01757370042614563,0.04652198496723598,-1.1324274851176597e-14,3.980534713669745e-14,8.74128168562503e-15,-6.661338147750939e-16
1113.349112062554,12.334258990859288,0.598949229470685,4.113147586862343,1.547698897912397,0.9987216551817375,0.036646120093285064,4.88105117506474,0.03414552792870511,0.444910886330351,0.0637246182983576,0.020123380493277908,0.0012783448182624945,0.09353264773266552,0.019297382021884663,0.0025416074933627903,0.3963889487212429,6.439293542825908e-15,-1.6543378360392104e-14,-4.108873602729482e-15,0.0
1023.224478484751,0.5596467810128919,0.05307183600110062,4.6751233865462485,2.5664373430035856,0.9453887389517552,0.5772645964490231,5.11453247045215,0.5091511306563232,0.19014178699977416,0.05226592779342032,0.029343487958405405,0.05461126104824482,0.0004779056492041875,1.7341170895030365e-07,0.012764636552137661,0.15148950895198443,-1.4643841694805815e-13,5.97422538501609e-13,-1.4788664731600227e-13,-5.551115123125783e-16
976.1456496795777,0.30645192868454074,0.2341888832616011,4.197935257142037,2.06979317221096,0.8667858847296588,0.7828057409290516,5.232720666373991,0.6330342340018974,0.08340642561327553,0.05230327506006077,0.013123543392190249,0.1332141152703412,0.0004436227635104369,2.5656445093393923e-07,0.013710313910238197,0.07088798631815899,-6.735723090400825e-13,2.9677979908532347e-12,-6.638904357098111e-13,-4.440892098500626e-16
997.7624360296156,0.49043119808418767,0.15916682304301838,1.9793718419109516,2.965097774341926,0.9385931849907643,0.763622522612048,5.733035957414871,0.6686787012297787,0.08603690019696657,0.0593171201770806,0.025657885902270697,0.06140681500923573,0.0004146904515021833,1.7799097800280762e-07,0.009032065385660053,0.08960949953244188,2.8399504969911504e-13,-1.2181709390941228e-12,2.860434271350582e-13,4.440892098500626e-16
923.6273414599885,0.43261484336772327,0.21177610532032942,4.733004583718245,3.0191014864807335,0.628843237906308,0.8709201391777642,4.022114645155223,0.5109543408303641,0.036406783896849114,0.038536630715116156,0.0028731406683721794,0.3711567620936919,5.937335686776378e-05,1.3625381972217745e-08,0.012778484207959705,0.027175443261863923,3.3084646133829665e-14,-1.460658952238395e-13,3.423423353667203e-14,4.440892098500626e-16
1069.1342806624189,1.3730525250906536,0.2137967153731459,4.561593449490831,0.4535358050729681,0.996806071059984,0.07133681860052182,3.650790491191055,0.06634157475823006,0.4787394596592701,0.04326026977193424,0.022058806445590096,0.0031939289400159995,0.01786404526487576,0.000350215624437336,0.004754713623838118,0.37519467083416713,4.4986236957811343e-13,-1.9857173834054603e-12,4.579497744431351e-13,-4.440892098500626e-16
968.9604953789076,3.453621924697591,0.4998736928796848,3.9812041328157233,1.2834057252891582,0.9722148836432363,0.31098170119491486,4.1648625209303125,0.2820710173748854,0.35139851004188677,0.045682073911845575,0.024859438440305148,0.02778511635676371,0.011122657630673917,0.00010480736007235776,0.007425426960069298,0.25666132671928676,2.6645352591003757e-15,-5.744572483050466e-14,2.9273420246955924e-14,6.661338147750939e-16
1098.237232737548,17.285982634736815,0.5597588540097734,2.0393169302182272,2.129888702705538,0.9991091347028794,0.038636544100412916,4.950015428866597,0.03601410012430427,0.40920204398291204,0.06653041412392145,0.03257305284983122,0.0008908652971205261,0.07038875294825209,0.00797913440367983,0.003090752407377734,0.425104560028915,2.7844393457598926e-13,-1.3959306259020136e-12,2.93142809525419e-13,-2.220446049250313e-16
1074.5024665549777,1.9153625649088417,0.645219605029999,1.311359180437028,0.7425433542889905,0.998264033406066,0.16294029842554905,6.622061136847901,0.15175230488967484,0.2718377874062829,0.07718652039301284,0.14375909086604954,0.0017359665939340077,0.030021835646836345,0.0005495572180095258,0.007453920469517757,0.33527474674512847,-1.503241975342462e-13,7.402616549876226e-13,-1.4164141147671185e-13,2.220446049250313e-16
931.2003994080102,6.376469575308092,0.11885591674493673,3.0033178462419357,2.2269732075404844,0.9386071902675213,0.452989534066742,3.9058148850747942,0.3966737021872998,0.28243603213682816,0.0435149369932357,0.01445073485912905,0.06139280973247874,0.0015077399723718364,2.0314705079667024e-06,0.00940437926621026,0.19153988856747595,2.531308496145357e-14,-1.0830123101484168e-13,2.5042824021184424e-14,-6.661338147750939e-16
1026.0006436418792,0.9484120581694231,0.6702062461119686,2.642835928756129,1.6828584965139695,0.9821243518188416,0.49863518975582694,6.302659676463385,0.4568890697073817,0.18472452503004808,0.06434626472799532,0.07512598857263698,0.01787564818115834,0.008122250988752602,4.1455698561886554e-05,0.008092056348265406,0.18974809517545516,-1.056488230233299e-12,5.236103918127907e-12,-1.0104985388190762e-12,0.0
1013.3925196910999,13.90993613779107,0.4296850635207294,3.1351129766085735,3.611954520153926,0.9942546468480069,0.13307653610234355,3.8803573947492707,0.12344129861826734,0.44214813900663885,0.04557399906916658,0.029783926768235543,0.0057453531519930465,0.019661663770852766,0.0003859377033655157,0.005395038615464392,0.34077649690442785,-3.219646771412954e-15,-1.027427014972157e-14,1.145493240180332e-14,-1.1102230246251565e-16
1121.5570207653866,1.27134546120301,0.08944373351603967,2.3943673900143887,1.0977468089246838,0.9980123168817884,0.10516457893098845,5.018254021087949,0.09791895116304321,0.3610345162111467,0.061928915505620186,0.07930949696304518,0.0019876831182116285,0.007039263437627437,3.546921490780894e-05,0.00783072552529041,0.3874250671269451,4.440892098500626e-14,-2.2012004836108783e-13,1.5170200353366708e-13,8.881784197001252e-16
986.9860859999478,0.9172238340158592,0.26941008546176204,1.6664627787998014,0.5847226686639629,0.9779628034487147,0.5059125283057788,5.483493209092126,0.4615929165863292,0.19060575200082783,0.06187958815275005,0.05504266055912569,0.02203719655128534,0.00311514309800303,6.576058975470711e-06,0.007277847602523265,0.20034336762790034,3.33422178755427e-12,-1.500487102322617e-11,3.3733327263512077e-12,8.881784197001252e-16
1027.4568437540959,2.0496754887536257,0.10591632184356063,1.2785335907550435,3.8755033563646886,0.9857020471473203,0.5654933600921764,5.965196776731173,0.5200373457045367,0.152727145944222,0.06524545452575022,0.06722585686333488,0.014297952852679619,0.0009748714048125602,6.218954452005946e-07,0.008008605323857942,0.17204613895389137,-4.2743586448068527e-14,1.646746549721643e-13,-2.1508432129905496e-14,2.220446049250313e-16
1011.1097430060164,3.0956408726177487,0.310411046121778,1.9663956859831524,3.318463923289637,0.9826801587549825,0.46101146550251065,5.593400349570958,0.42265428704044916,0.21223278976591622,0.0616277173833977,0.06361119786891394,0.017319841245017457,0.004343902937017017,1.2449449312233304e-05,0.00777774818335251,0.21309561564026847,-8.915090887740007e-14,4.082241640585819e-13,-8.871033960912136e-14,8.881784197001252e-16
1110.942632416082,2.8005999838636066,0.03777972314746936,3.0330035750640145,1.0481745630921198,0.9983418943205029,0.05238967421459591,3.9232035710970523,0.04879623998359986,0.44106216052116803,0.050846037387981984,0.03002323103482892,0.0016581056794971341,0.004703727566864665,2.4165701952768657e-05,0.004662637716479765,0.42124155824866855,-4.440892098500626e-16,1.449821832915993e-15,3.2570469994459304e-14,8.881784197001252e-16
1036.3037675003109,1.1258376858101558,0.1692847861424625,2.2676478859270475,2.4098581466532827,0.9817740931700986,0.49020408740132587,5.714921655949153,0.4490036387399498,0.19822660625813932,0.06160393845328437,0.06552490660937321,0.018225906829901432,0.002244725255837843,3.2233573008257246e-06,0.00875870606162153,0.19775988635382516,-4.884981308350689e-14,2.30258967094708e-13,-6.640179867153784e-14,1.3322676295501878e-15
1089.3625348777964,12.245437491254428,0.27707153285716035,3.327673166807088,2.491496074602576,0.9984688212436383,0.04213738533548664,3.9391707093646366,0.039252150574962424,0.4689299852817089,0.04979027129066916,0.02050136081598587,0.0015311787563616669,0.03317118034605468,0.0016902049039925998,0.003340689002742384,0.4044952653868773,6.217248937900877e-14,-3.203875517340608e-13,1.0178528977395303e-13,6.661338147750939e-16
935.3266738454787,9.45774811051832,0.3312437471423413,4.416240240869626,1.3956511517160357,0.9714301668665143,0.21928185837895955,3.0530329985489275,0.19873559236406096,0.4485795312996673,0.03360042673917559,0.010860958228351298,0.0285698331334857,0.00945678452636047,9.636483022505854e-05,0.006598000991175806,0.26960697100799585,-2.3314683517128287e-15,-6.874638819290203e-15,3.614397260318576e-15,-1.1102230246251565e-15
971.1716056152987,19.7992439664231,0.0961314317894376,2.732281422668448,2.8042811139770043,0.9902888102940207,0.14283583115013265,3.009884401300123,0.13196549848628764,0.47109120402940513,0.03706721215796264,0.016938870591424526,0.00971118970597929,0.0040245427438748505,1.790609930454957e-05,0.005093889036739832,0.32667805053224686,-2.2426505097428162e-14,4.608863853883737e-14,9.288807265784544e-14,4.440892098500626e-16
1041.2031664915698,5.344471802007759,0.08290185971551181,3.599856730481383,1.803030991153795,0.9955749825028827,0.0944248743990037,3.3609367494814095,0.08770447540000303,0.4770311599493161,0.040359259686643285,0.023099642560072343,0.004425017497117276,0.005377656310795861,3.0055416065071416e-05,0.005363756725779448,0.3600753539375516,5.995204332975845e-15,-5.037500795788734e-14,7.802547210171228e-14,4.440892098500626e-16
1015.2406748227622,4.63946946419381,0.04156311345791698,1.360090456181845,0.5396341314052349,0.9965752053854344,0.12314778364109759,3.9338171081063127,0.11449803735273377,0.392164396802432,0.05451613886563036,0.04461579084057258,0.003424794614565579,0.00227935563298221,4.677927792853499e-06,0.005115095091467429,0.38483719913344994,1.7319479184152442e-14,-8.145702952451375e-14,8.40160576283195e-14,0.0
980.8804934265715,14.788074969632163,0.17415170482581419,2.6621778827297824,3.9919900715906174,0.9859004819025227,0.22481432917816627,3.69665837512905,0.20678471431012205,0.3988502833529317,0.0442279349009574,0.027151139942642222,0.01409951809747729,0.005401466066218289,2.624233563011945e-05,0.006384822410061803,0.30053131578145253,1.5765166949677223e-14,-6.261833460189443e-14,8.97534601101916e-15,6.661338147750939e-16
993.1923730441456,7.829686422228861,0.5037313801286767,2.8319257263113404,2.1485545891916136,0.9897113148666424,0.211055056960753,4.240311851691777,0.19487927819611228,0.3864831827947738,0.04936053160293667,0.035974845989215465,0.010288685133357593,0.016317592351388698,0.0002312050144741777,0.006066922764746296,0.31099383619961074,-1.9095836023552692e-14,5.364945473701543e-14,4.093301699338714e-15,0.0
1008.6792814827518,2.161171768152014,0.30050418803278356,3.4520072143187077,0.8697084007291086,0.9878495860811243,0.2155948726059857,4.083337128903723,0.1986966819130998,0.39061930809348167,0.04718044891140598,0.03376912229264026,0.012150413918875742,0.010409694728104395,8.998873334481834e-05,0.006806965851541554,0.30698179381729485,-5.231370892033738e-13,2.356281345124509e-12,-5.117388265248486e-13,-6.661338147750939e-16
1132.8047231128162,0.3629253135537204,0.29198666194744544,1.011894183161837,2.71527802217585,0.9971003009246792,0.522047814956135,7.722734742046274,0.48563557607976,0.1235070972212036,0.07566665830229007,0.15694856505159788,0.002899699075320851,0.002996146251039292,4.906906001516469e-06,0.00974790831615597,0.14431624949921637,5.044853423896711e-13,-2.247077215316678e-12,4.770069780814918e-13,4.440892098500626e-16
1092.493926345471,3.8149627501570156,0.3832540326662923,1.7174663674801935,0.9244459760723351,0.9988351885115453,0.06966523267428482,5.056800655922775,0.06491892062984861,0.37236997258524046,0.06609933482211132,0.06219939760848796,0.0011648114884546805,0.03531745611854653,0.00115090562557923,0.005294603024086839,0.41508547303974,-1.220135104063047e-13,1.777716513901117e-13,1.553271487432301e-13,-1.1102230246251565e-16
1104.1536428081008,4.3824025000099915,0.5692947560463515,4.795864167050383,3.0767295282675686,0.9976353444991366,0.07574419761035808,4.674935284993898,0.07049893574125426,0.44760488398551995,0.05200941571344134,0.036792295629526836,0.0023646555008633987,0.04517550599860673,0.002081892201239109,0.005608000168358975,0.36857233323425753,-6.128431095930864e-14,3.300669647261464e-13,-7.547557020982743e-14,6.661338147750939e-16
1129.8844515040128,1.5329884129478564,0.40000462387909924,4.698185712547492,3.476676216250065,0.9963818996741008,0.147019759653509,5.439678712511551,0.13666676123211563,0.37050607479991154,0.058248103700058465,0.07713934800592291,0.0036181003258991236,0.02314301188540638,0.0003644683981269604,0.009230362176277583,0.3361448753162627,-1.2445600106048005e-13,5.939071576044543e-13,-1.308641802130965e-13,-4.440892098500626e-16
991.0789180350083,1.3634134706957408,0.1327919758753723,2.133950554723164,1.2176041738714887,0.9720038328737036,0.4890017605607044,5.07489410323123,0.4434450023590077,0.21694889957454738,0.057128848117978796,0.04290477075955948,0.02799616712629638,0.001680153412734692,2.005300447451584e-06,0.008132001591621639,0.20278001254788727,-2.6845192735436285e-13,1.124127585725307e-12,-2.4505866848937405e-13,0.0
1125.4727981647713,0.4118479561286101,0.15850973070918564,3.866214081841718,3.296113351064951,0.9900424183949108,0.38653459983874994,6.339214586194665,0.35702903976041156,0.22930516818139207,0.06402301052217522,0.10520888490880376,0.009957581605089222,0.003506055209902589,6.775659641691515e-06,0.011312036028643873,0.22178442463567255,9.969802761133906e-14,-4.3884123069685566e-13,1.1896198528187913e-13,6.661338147750939e-16
1021.1034909763027,18.931957156463458,0.4419696671486279,4.587684361133794,3.1079226031229976,0.9967786320095072,0.05814584054233549,3.2707571610596298,0.05407278482522488,0.526071013005565,0.036803135450631984,0.01247731035796706,0.003221367990492798,0.030284187418116854,0.001414433064543065,0.0033668675074189393,0.3529206892957639,-2.4868995751603507e-14,1.4352593261093937e-13,-4.063332558180925e-14,4.440892098500626e-16
1066.7774777280624,4.774671567534673,0.3977156281296506,2.7156799292357072,3.949528046245687,0.9952355411279461,0.1909078036010776,5.192407044399299,0.17726007245477432,0.34595196954982377,0.05908881635113526,0.07410516875122246,0.004764458872053869,0.016495501932170305,0.00018980746014028125,0.00782932138403684,0.32497337434391715,1.525446435834965e-13,-6.936748439381414e-13,1.3596557289924329e-13,-1.1102230246251565e-16
902.5645106519335,1.4850866944021688,0.5120490167285944,4.332149985568816,2.85940032847513,0.765470955947809,0.8234681637514247,4.597052015014959,0.5880806571984664,0.06340549423996629,0.04595600087136184,0.005167423101226332,0.23452904405219102,0.0005207456056356518,5.174693699512344e-07,0.013894822914594394,0.04857687148983263,1.5543122344752192e-15,-2.2926268809385093e-14,9.352592842130378e-15,-3.3306690738754696e-16
1082.165180826014,20.445892827185432,0.008419743378973426,4.286291777636352,3.3909016546487236,0.9980236834523346,0.03740467452104237,3.199982203761832,0.034827964409162145,0.5016345201329613,0.04030511662252128,0.012189036336183243,0.0019763165476654023,0.0013812838561604618,3.20942443946586e-06,0.003019008277038313,0.4055372596679097,-2.475797344914099e-14,1.0166425722772904e-13,-3.332698325495846e-15,8.881784197001252e-16
912.9254288519322,0.5961042468519541,0.4447168294287538,3.2035524123319643,1.964878901878289,0.7533152011022165,0.859992214945181,4.682327623553782,0.6044113560022722,0.045764761441511745,0.0468082662471923,0.005643367377603816,0.24668479889778352,0.00025766311825976964,1.5866850078312637e-07,0.011123834366522034,0.03930283958094152,-7.438494264988549e-14,3.287083548654238e-13,-5.668481236012152e-14,8.881784197001252e-16
1080.786525540089,17.912912111975302,0.11118732016404281,3.3914269735954696,0.8271271656842938,0.9985501542017214,0.03198119291364718,3.6978549007583617,0.02979380059160634,0.4576907208046522,0.05281588612933333,0.0120923005835987,0.0014498457982785365,0.026012879912907013,0.0014863879568653845,0.0020009493430956354,0.4345934874512668,2.375877272697835e-14,-1.2504686073777474e-13,7.088823373459731e-14,-4.440892098500626e-16
1033.0407681753072,0.5019670049600771,0.30194484110207154,2.5257728073987655,3.1910531579689954,0.9672891442538757,0.6774332661659327,6.174305945162612,0.6113419497345626,0.1159559863602512,0.06213600384664982,0.048349924738470836,0.03271085574612432,0.0015702714944955303,1.8792894936687036e-06,0.009213727924268764,0.11953528352624003,-4.4497738826976274e-13,2.0766012462622905e-12,-4.874890536480839e-13,1.3322676295501878e-15
920.8484794155072,2.2142545066506036,0.20699154187618418,1.4040274870242244,0.6871699910007127,0.9476591782834334,0.6201996466219333,4.911388050052197,0.548333844217762,0.15772547530668957,0.056781652120479524,0.02376853507259415,0.0523408217165666,0.0013085907515609993,1.4578626090866725e-06,0.007149220635566065,0.15335666397163195,-9.947598300641403e-14,4.044652903279769e-13,-5.784035817681346e-14,8.881784197001252e-16
948.1926774533888,0.8858847967167647,0.618885967572026,3.717720077597346,1.32225789212729,0.9135077035344841,0.6904554101025104,5.357445400460352,0.5884495235207122,0.12747948576868443,0.05426444913744834,0.020184085420155477,0.08649229646551598,0.002662741057929853,6.637768482003329e-06,0.010615816137077362,0.11127246734510535,-6.106226635438361e-14,2.4599299536407e-13,-2.9877566956560835e-14,6.661338147750939e-16
962.284716836218,1.7057874495927456,0.6880340607422487,3.24438158126478,1.7281124861995667,0.948957015495551,0.5873648977349313,5.456309326204672,0.5200150272131171,0.1735356598561672,0.05635336625563092,0.03207421146036575,0.05104298450444896,0.005319293743238183,2.214607022220416e-05,0.00868014290253972,0.15610822188886028,-2.952083022478291e-13,1.3946426402681697e-12,-2.430336465598862e-13,1.3322676295501878e-15
954.4689224127051,0.45599305243407556,0.4718530292642359,4.501457192508166,2.2592025446009796,0.8438179356349063,0.8008732535447401,5.2294245055699635,0.6304837632176571,0.07392211790186774,0.05135659792858197,0.01139093804396542,0.15618206436509377,0.000721803361134551,7.497743867583025e-07,0.013299532319120292,0.06285397524301799,5.10702591327572e-15,-1.031783891976167e-14,-3.665031136794055e-15,2.220446049250313e-16
1000.9387215999278,0.6524122671358161,0.537730601884136,3.181183666230895,2.9964071219808406,0.9480736233014143,0.7041809641942102,6.040289759909862,0.6228560818303818,0.10974966210487401,0.059800327442767164,0.03620607917980941,0.05192637669858571,0.0022750497708998478,4.388461757365539e-06,0.009457864530292345,0.10888677373348825,-8.323342015614799e-13,4.010014505175408e-12,-8.045014814504745e-13,-3.3306690738754696e-16
906.1701337795863,1.0172092873126286,0.40483064658611734,2.6100463903445137,0.7682618968909578,0.8738128064686399,0.7535887119062128,4.888709131651562,0.6143475836016206,0.09972248599489171,0.05199754780092322,0.010710287852051829,0.12618719353136004,0.0010351414961310432,1.2715595161049437e-06,0.010606470055950282,0.08589349780072265,-3.0397906414236786e-13,1.6116939237042856e-12,-4.2471561988745314e-13,1.3322676295501878e-15
945.9399065348119,11.526726283257712,0.5210816205113928,3.5314103403405133,3.460086200676636,0.9637282867627571,0.3546804665302172,4.115236796575027,0.3188990620657793,0.3309440953341145,0.045237719771322696,0.02120722989979621,0.03627171323724285,0.00939651409155594,7.731566892086262e-05,0.007507081290655513,0.2364257820747235,-9.880984919163893e-15,1.7328537247961338e-14,5.871690353286667e-15,-4.440892098500626e-16
1107.6202502152307,19.652898606359802,0.693968577853582,2.4551244411214412,1.6646466808911027,0.9991368190184201,0.03503135207518041,5.3244522522276885,0.03265451423782212,0.4056102726989289,0.07319960621967227,0.028052259665063473,0.0008631809815798973,0.10431760622328792,0.022883306672185053,0.002516329985944273,0.4157054160257068,-2.512434704726729e-13,1.3229718704485676e-12,-2.7239261892713036e-13,2.220446049250313e-16
1005.9305637886614,3.010418169239108,0.35727698043497574,4.014113036414805,3.681892916093524,0.9710992442876024,0.4019191707035012,4.8588003840064165,0.36413607136464377,0.2808245854235369,0.05153800803339406,0.038195017319150065,0.028900755712397638,0.00630998653750788,2.8945403924023686e-05,0.009020018320493506,0.22498255945131204,7.984723993104126e-13,-3.645223238018763e-12,7.595671885378655e-13,0.0
988.9037134965224,0.7901364752371565,0.5519180681794514,4.371725116152484,3.846751758205563,0.9217701951999797,0.7172128443959992,5.750802395925232,0.6167825591313792,0.11069489617530702,0.05619488668920215,0.02551986321066075,0.07822980480002029,0.0020555367688367913,3.952316480803015e-06,0.011481175239781025,0.10003792603994963,7.593925488436071e-14,-3.4892996224291676e-13,6.61620267870624e-14,2.220446049250313e-16
1076.1644187599604,7.184862256855301,0.14827316084345557,1.6444286320044592,1.5756092874609495,0.9985852981549735,0.06908710918641182,4.335670422899452,0.06436407811036157,0.40039476185811074,0.058431001052250735,0.048433603714028876,0.0014147018450264318,0.013122225701279338,0.0001676391357858061,0.005084077947135297,0.4171342557304199,-1.6542323066914832e-13,6.923568881879822e-13,-1.3939900043837775e-13,-3.3306690738754696e-16
1038.2743954143657,0.7280396396409995,0.5447112217692465,3.6766155444751853,1.6147195088500934,0.9796250290460382,0.44935660763277113,5.913120345901253,0.4106883367951229,0.22248174339473725,0.060331674222780074,0.06586009250631739,0.020374970953961787,0.008407260473446991,4.4701862407111325e-05,0.009017105578331592,0.20798631905078618,4.1655567883935873e-13,-2.2338437266733426e-12,5.21279805478936e-13,-2.220446049250313e-16
927.1724625647419,5.566153030808017,0.08068429561700267,4.904833865533494,3.5036391790735606,0.8885026305023217,0.5233751552516971,3.771219436152383,0.43384359002252026,0.25260526560583807,0.038406140207660304,0.007574458136185783,0.11149736949767834,0.000725989952526237,5.181664002968368e-07,0.014637235744402602,0.14112852515114085,2.220446049250313e-16,-1.7000390443030784e-14,5.214138778708115e-14,4.440892098500626e-16
1020.0965343186201,2.312947684883259,0.3126053719629283,1.1806033108281815,3.2015341871170655,0.988184759942972,0.5530102631339362,6.251093390055901,0.5098385938260981,0.14900717751496959,0.06749858436112127,0.07960823442346966,0.011815240057028033,0.002896714138015426,5.37833849506601e-06,0.0073959791458461524,0.17366283273464625,5.417888360170764e-14,-2.583739628223436e-13,6.595934360768023e-14,-3.3306690738754696e-16
984.0659842651077,1.6151433532094075,0.6167892516991039,1.4540836508136028,2.1074195699757468,0.9765680165771902,0.6478479263566486,6.2404218826181905,0.5902512754932974,0.11983023788412699,0.06507027412577816,0.05571108569732564,0.023431983422809805,0.0035252820728607867,9.122929915617928e-06,0.006796896882809494,0.13739730198767983,-2.201017146319373e-12,1.0952338516623438e-11,-2.190633472267134e-12,1.1102230246251565e-15
1128.3077414651016,0.8509010933717057,0.25207531949696443,4.859780120564958,2.30087946009557,0.9953663221335469,0.16743688336514392,5.239863926500177,0.1554874848636198,0.3665403149567675,0.05622432281080924,0.07501491571309127,0.004633677866453121,0.013598476636839094,0.00012163030948330611,0.00976810104968116,0.3273595299466483,-3.9968028886505635e-15,-8.438428646803798e-15,2.4803250272018483e-14,6.661338147750939e-16
1078.267851657277,10.80101817852671,0.19780146405895677,3.7732849910011548,2.424865464331205,0.9981291716204255,0.0441837620625847,3.5824309163382004,0.04114440673905829,0.490355373202485,0.04408003875000021,0.01722211775066756,0.001870828379574562,0.02204574537881494,0.0007197986852775581,0.003456946952576506,0.3938599409071515,-2.0761170560490427e-14,9.121385392093694e-14,-1.9503365512979717e-14,6.661338147750939e-16
918.1622083159092,0.7591731644805139,0.057515488458562164,1.8227983562600847,2.7693994758467193,0.7501936624560407,0.8660635552347765,4.4584467095935025,0.6061561544023442,0.044150971900292164,0.04663079442053295,0.004443054465004211,0.24980633754395928,2.7679929770555876e-05,2.041170403801394e-09,0.00996514035596464,0.03878585884255576,-1.539879335155092e-13,6.056017242743411e-13,-5.1317397291913116e-14,4.440892098500626e-16
1064.8332660654667,3.2659959148725846,0.24070481663876347,1.8578045572425779,3.5764416973507878,0.9942923260509137,0.2828786197571918,5.77255811797455,0.26240709682079616,0.26982572653123127,0.06550791959478466,0.10143406068597606,0.0057076739490863285,0.006934143466267479,2.922555853727158e-05,0.008379446154391592,0.28416039484862954,2.5757174171303632e-14,-6.475095684555795e-14,-2.9014533105361896e-14,-2.220446049250313e-16
1047.3156160217827,10.049401339895024,0.3483221349759661,4.14915911799304,2.194666656476107,0.9973857555799357,0.056820042405001644,3.4931381451947816,0.05287204146935544,0.5046655370100389,0.0407632110509496,0.01649998223153127,0.002614244420064351,0.02746057871875113,0.0010529569558284215,0.0037070553049635456,0.3688779893090641,1.800781745942004e-13,-9.101492307010177e-13,2.377384057071154e-13,-4.440892098500626e-16
943.7740390873029,3.747008647310893,0.07321945166303741,2.3074430546511167,1.6999097135639905,0.9480478976805077,0.5018887224793266,4.342827905132899,0.44391424461769025,0.23810414825205106,0.049522922137412294,0.020691615910972638,0.05195210231949233,0.000804702781891361,5.40690748617505e-07,0.008674692822812828,0.18681628529524857,-1.2323475573339238e-14,4.1674940813238324e-14,1.953093595651305e-14,0.0
1044.9737346699017,1.2934969069012048,0.4234046029497395,3.2530591504105213,1.0740775333098016,0.9909138565944917,0.24976845611688744,5.074521855035743,0.2309058071926167,0.3319642126929341,0.056433541556167276,0.06172302107904132,0.009086143405508269,0.01380779612280696,0.0001312843731280923,0.007884166595932737,0.296930822875111,-1.3722356584366935e-13,5.750694211109319e-13,-8.671506837052287e-14,4.440892098500626e-16
1018.9909261488041,1.9470603840919518,0.557362129514321,3.7863612520649186,2.9344015062779896,0.9766808177551138,0.423911539258695,5.491286574640904,0.3862684717475405,0.24932075944803317,0.05691729317791402,0.0527975676281615,0.023319182244886216,0.00917459327491936,5.677838938720777e-05,0.008711661698823097,0.21915256308720726,7.993605777301127e-14,-3.917374959061865e-13,7.577873246028374e-14,-4.440892098500626e-16
994.8554425682036,21.245469647471555,0.36936955022785856,4.492682444216145,0.5900636386693978,0.9979371041700184,0.026840616281895623,2.777404974275959,0.024989468445417037,0.5635261143748619,0.033322161478159334,0.004331558620439017,0.002062895829981668,0.03460380181034963,0.003967854269988292,0.0014737301203116152,0.35724232422116675,-7.049916206369744e-14,3.728025608595169e-13,-1.0570318630602838e-13,0.0
1062.5264182629112,0.3994972930475267,0.13038751523784223,3.9402107116208005,2.34912288127076,0.9729149534849298,0.5252647552948193,5.7259279207345095,0.47677612994699725,0.1940921650608769,0.05837477295076128,0.05627216367777547,0.0270850465150702,0.0015806753422565763,1.6153259510145599e-06,0.010935153531546343,0.17579366700836527,3.206324095117452e-13,-1.3807234212662337e-12,3.588716576909055e-13,4.440892098500626e-16
1119.239645239966,2.9288244437007416,0.22770560905687165,4.175761192165075,2.5560128168332814,0.9977123517110645,0.07574437020912694,4.379219911963647,0.07050453819446742,0.4364319348501584,0.05131163868054851,0.040501938898906166,0.002287648288935408,0.02059635201696115,0.00039217651421144577,0.006274649505973682,0.3852246033835183,-4.196643033083092e-14,1.9996690896025572e-13,-5.4331323400363736e-14,2.220446049250313e-16
1145.7808414237043,0.8059944582377067,0.0002921909466877786,4.9897401978826235,2.6612320535247536,0.9956083430355407,0.14649412792716354,4.770877648386376,0.136072419988772,0.38562007514513275,0.05267521750569233,0.06686946334574725,0.004391656964459275,1.901962039105103e-05,2.41658397675783e-10,0.010125295334046611,0.3442020313046994,-3.9812597663058114e-13,1.581292632749705e-12,-5.963264689191051e-13,0.0
